Key,Study,Group,Basis,Summary,Summary_keyed,Verification_note
vonNeumann1932,von Neumann (1932),background,Abstract,"von Neumann (1932) gave the first rigorous Hilbert-space formulation of quantum mechanics, including states as vectors or density operators, observables as self-adjoint operators, measurement as projection and the associated probability rule. This review cites it as the mathematical source of the projective (quantum) probability calculus that quantum-cognition models borrow, independently of any claim about physical quantum processes in the brain.","[CITE:vonNeumann1932] gave the first rigorous Hilbert-space formulation of quantum mechanics, including states as vectors or density operators, observables as self-adjoint operators, measurement as projection and the associated probability rule. This review cites it as the mathematical source of the projective (quantum) probability calculus that quantum-cognition models borrow, independently of any claim about physical quantum processes in the brain.",
Savage1954,Savage (1954),background,Abstract,"Savage (1954) axiomatised subjective expected utility, deriving personal probabilities and utilities from preferences over acts. Its sure-thing principle states that if an act is preferred whatever the state of a known event, it should also be preferred when that event is unknown. This review cites it as the classical normative baseline whose violations (disjunction effect, Ellsberg paradox) quantum-like decision models aim to explain.","[CITE:Savage1954] axiomatised subjective expected utility, deriving personal probabilities and utilities from preferences over acts. Its sure-thing principle states that if an act is preferred whatever the state of a known event, it should also be preferred when that event is unknown. This review cites it as the classical normative baseline whose violations (disjunction effect, Ellsberg paradox) quantum-like decision models aim to explain.",
Ellsberg1961,Ellsberg (1961),background,Abstract,"Ellsberg (1961) showed with urn choice problems that people prefer bets with known probabilities over bets with unknown (ambiguous) probabilities, in a pattern that no single subjective probability distribution can reproduce, and therefore violates Savage's axioms, notably the sure-thing principle. This review cites it as the canonical ambiguity-aversion anomaly that classical expected-utility agents cannot capture and that several quantum-like decision models address.","[CITE:Ellsberg1961] showed with urn choice problems that people prefer bets with known probabilities over bets with unknown (ambiguous) probabilities, in a pattern that no single subjective probability distribution can reproduce, and therefore violates Savage's axioms, notably the sure-thing principle. This review cites it as the canonical ambiguity-aversion anomaly that classical expected-utility agents cannot capture and that several quantum-like decision models address.",
Tversky1974,Tversky and Kahneman (1974),background,Abstract,"Tversky and Kahneman (1974) argued that people judge probabilities with a small set of heuristics (representativeness, availability, anchoring and adjustment) that are usually useful but produce systematic biases. This review cites it as the origin of the heuristics-and-biases programme that catalogued the judgement anomalies (e.g. base-rate neglect, anchoring) against which quantum-probability accounts were later developed.","[CITE:Tversky1974] argued that people judge probabilities with a small set of heuristics (representativeness, availability, anchoring and adjustment) that are usually useful but produce systematic biases. This review cites it as the origin of the heuristics-and-biases programme that catalogued the judgement anomalies (e.g. base-rate neglect, anchoring) against which quantum-probability accounts were later developed.",
Tversky1983,Tversky and Kahneman (1983),background,Abstract,"Tversky and Kahneman (1983) documented the conjunction fallacy, most famously the Linda problem, in which many people judge a conjunction ('bank teller and feminist') as more probable than one of its constituents, contrary to classical probability. This review cites it as the empirical benchmark for the conjunction fallacy that quantum-probability models of judgement, such as Busemeyer et al. (2011), set out to explain.","[CITE:Tversky1983] documented the conjunction fallacy, most famously the Linda problem, in which many people judge a conjunction ('bank teller and feminist') as more probable than one of its constituents, contrary to classical probability. This review cites it as the empirical benchmark for the conjunction fallacy that quantum-probability models of judgement, such as [CITE:Busemeyer2011], set out to explain.",
Shafir1992,Shafir and Tversky (1992),background,Abstract,"Shafir and Tversky (1992) reported violations of the sure-thing principle in which people choose one option whether an uncertain event goes one way or the other, yet choose differently when the outcome is unknown, for example in the Hawaii vacation problem and one-shot prisoner's dilemma games. This review cites it as the key disjunction-effect evidence that motivates interference terms in quantum-like decision models.","[CITE:Shafir1992] reported violations of the sure-thing principle in which people choose one option whether an uncertain event goes one way or the other, yet choose differently when the outcome is unknown, for example in the Hawaii vacation problem and one-shot prisoner's dilemma games. This review cites it as the key disjunction-effect evidence that motivates interference terms in quantum-like decision models.",Summary not yet checked against the source; it gives no numbers.
Benioff1998,Benioff (1998),background,Full text,"Benioff (1998) introduced 'quantum robots': mobile quantum systems carrying an on-board quantum computer that interact with an environment of quantum systems, alternating computation and action phases whose single-step dynamics is given by a unitary step operator. He analysed a simple measurement task in discrete space and time. This review cites it as the conceptual origin of genuinely quantum-hardware robotics, which it distinguishes from quantum-like cognition on classical hardware.","[CITE:Benioff1998] introduced 'quantum robots': mobile quantum systems carrying an on-board quantum computer that interact with an environment of quantum systems, alternating computation and action phases whose single-step dynamics is given by a unitary step operator. He analysed a simple measurement task in discrete space and time. This review cites it as the conceptual origin of genuinely quantum-hardware robotics, which it distinguishes from quantum-like cognition on classical hardware.",Repository copy: arXiv preprint quant-ph/9802067.
Khrennikov1999,Khrennikov (1999),theory and evidence,Full text,"Khrennikov (1999) developed classical and quantum mechanical formalisms on 'information spaces' built from p-adic numbers, treating 'transformers of information' as basic objects and information processes as their dynamics. The motivation is that the p-adic (ultrametric) distance naturally expresses hierarchical association between ideas, so that cognitive, social and even 'anomalous' phenomena could be described as flows of information rather than matter. The paper is purely mathematical: it defines information states, Hamiltonian-type dynamics and p-adic probability, with qualitative illustrations such as hierarchical societies and systems of dogmas, but no fitting to data. Its limitation is that the link to measurable behaviour remains speculative, and later quantum-like work dropped the p-adic machinery in favour of standard Hilbert-space probability. It matters for the survey historically, as one of the first explicit attempts to apply quantum formalism to cognition, preceding the quantum-probability models later adopted for agents.","[CITE:Khrennikov1999] developed classical and quantum mechanical formalisms on 'information spaces' built from p-adic numbers, treating 'transformers of information' as basic objects and information processes as their dynamics. The motivation is that the p-adic (ultrametric) distance naturally expresses hierarchical association between ideas, so that cognitive, social and even 'anomalous' phenomena could be described as flows of information rather than matter. The paper is purely mathematical: it defines information states, Hamiltonian-type dynamics and p-adic probability, with qualitative illustrations such as hierarchical societies and systems of dogmas, but no fitting to data. Its limitation is that the link to measurable behaviour remains speculative, and later quantum-like work dropped the p-adic machinery in favour of standard Hilbert-space probability. It matters for the survey historically, as one of the first explicit attempts to apply quantum formalism to cognition, preceding the quantum-probability models later adopted for agents.","Year corrected from 2003 to 1999; full title corrected. Repository copy: arXiv version (quant-ph/0003016, posted 2000)."
Aerts2000,Aerts et al. (2000),theory and evidence,Abstract,"Aerts et al. (2000) analysed why the disjunction ('or') of quantum logic differs from the classical logical 'or'. Taking a physical perspective, they argued that the difference stems from EPR-like correlation states of the entity under consideration, in which potentiality (outcomes not yet actualised) makes the quantum disjunction non-equivalent to the classical one. They showed that the same structure can arise in macroscopic situations where such correlation states exist, and then suggested applying the analysis to concepts to alleviate known problems in cognitive science, such as the non-compositional behaviour of concept combinations. The work is a formal, conceptual argument without experimental data. Its limitation is that the cognitive application is only sketched; the quantitative modelling of concept disjunctions came later with Aerts (2009). For the survey, it marks the early Brussels argument that non-classical logical connectives, not just probabilities, may be needed to represent how agents combine concepts.","[CITE:Aerts2000] analysed why the disjunction ('or') of quantum logic differs from the classical logical 'or'. Taking a physical perspective, they argued that the difference stems from EPR-like correlation states of the entity under consideration, in which potentiality (outcomes not yet actualised) makes the quantum disjunction non-equivalent to the classical one. They showed that the same structure can arise in macroscopic situations where such correlation states exist, and then suggested applying the analysis to concepts to alleviate known problems in cognitive science, such as the non-compositional behaviour of concept combinations. The work is a formal, conceptual argument without experimental data. Its limitation is that the cognitive application is only sketched; the quantitative modelling of concept disjunctions came later with [CITE:Aerts2009]. For the survey, it marks the early Brussels argument that non-classical logical connectives, not just probabilities, may be needed to represent how agents combine concepts.",Title and venue corrected; the arXiv id given (quant-ph/0008033) is an unrelated paper; correct arXiv is quant-ph/0007041.
Dong2006,Dong et al. (2006),background,Full text,"Dong et al. (2006) proposed a quantum robot architecture composed of multi quantum computing units, a quantum controller/actuator and information acquisition units, together with Grover-type quantum search and quantum reinforcement learning. They argued theoretically for a polynomial reduction in search complexity and reported simulations in which quantum reinforcement learning learned more efficiently. This review cites it as an early genuinely quantum-hardware robotics proposal, as opposed to quantum-like cognition.","[CITE:Dong2006] proposed a quantum robot architecture composed of multi quantum computing units, a quantum controller/actuator and information acquisition units, together with Grover-type quantum search and quantum reinforcement learning. They argued theoretically for a polynomial reduction in search complexity and reported simulations in which quantum reinforcement learning learned more efficiently. This review cites it as an early genuinely quantum-hardware robotics proposal, as opposed to quantum-like cognition.",Authors completed in the bibliography. Exponents in the complexity claim were lost in text extraction; check the exact O(.) expressions in the PDF before quoting them.
Laird2017,Laird et al. (2017),background,Full text,"Laird et al. (2017) proposed a 'standard model of the mind', a community consensus that humanlike cognitive architectures (drawing on ACT-R, Soar and Sigma) comprise perception and motor modules, working memory, declarative and procedural long-term memory, with a rule-based procedural module providing global control. This review cites it as the classical cognitive-architecture baseline against which quantum-like decision modules for autonomous agents can be positioned.","[CITE:Laird2017] proposed a 'standard model of the mind', a community consensus that humanlike cognitive architectures (drawing on ACT-R, Soar and Sigma) comprise perception and motor modules, working memory, declarative and procedural long-term memory, with a rule-based procedural module providing global control. This review cites it as the classical cognitive-architecture baseline against which quantum-like decision modules for autonomous agents can be positioned.",
Kotseruba2020,Kotseruba and Tsotsos (2020),background,Full text,"Kotseruba and Tsotsos (2020) surveyed 40 years of cognitive-architecture research, covering 84 architectures (49 still actively developed) and information on over 900 practical projects, organised by core abilities such as perception, attention, action selection, memory, learning and reasoning. This review cites it as the reference overview of classical cognitive architectures for robots and agents, into which quantum-like decision components would have to be integrated.","[CITE:Kotseruba2020] surveyed 40 years of cognitive-architecture research, covering 84 architectures (49 still actively developed) and information on over 900 practical projects, organised by core abilities such as perception, attention, action selection, memory, learning and reasoning. This review cites it as the reference overview of classical cognitive architectures for robots and agents, into which quantum-like decision components would have to be integrated.","Repository copy: arXiv preprint (1610.08602v3, 2018)."
Busemeyer2006,Busemeyer et al. (2006),theory and evidence,Abstract,"Busemeyer et al. (2006) proposed a quantum dynamic model of decision-making and compared it with an established Markov model. Both are formulated as random-walk evidence-accumulation processes, but the Markov model evolves real-valued probabilities whereas the quantum model evolves complex-valued probability amplitudes under Schrödinger-type dynamics. Because amplitudes can cancel, the quantum model generates interference effects, in which the probability of the union of two paths can be smaller than that of either path alone, something impossible for Markov processes. The authors derived choice probabilities and response-time distributions for the quantum model and contrasted its predictions with the Markov model. The paper is mainly a formal development; decisive empirical tests came in later work such as Busemeyer et al. (2009) and Kvam et al. (2015). For autonomous agents, it provides the template for replacing Markov evidence accumulation with a quantum walk while keeping a classical implementation.","[CITE:Busemeyer2006] proposed a quantum dynamic model of decision-making and compared it with an established Markov model. Both are formulated as random-walk evidence-accumulation processes, but the Markov model evolves real-valued probabilities whereas the quantum model evolves complex-valued probability amplitudes under Schrödinger-type dynamics. Because amplitudes can cancel, the quantum model generates interference effects, in which the probability of the union of two paths can be smaller than that of either path alone, something impossible for Markov processes. The authors derived choice probabilities and response-time distributions for the quantum model and contrasted its predictions with the Markov model. The paper is mainly a formal development; decisive empirical tests came in later work such as [CITE:Busemeyer2009] and [CITE:Kvam2015]. For autonomous agents, it provides the template for replacing Markov evidence accumulation with a quantum walk while keeping a classical implementation.",Authors corrected (Wang added).
Pothos2009,Pothos and Busemeyer (2009),theory and evidence,Abstract,"Pothos and Busemeyer (2009) addressed violations of the sure-thing principle, where people defect in a one-shot prisoner's dilemma when they know the opponent's move but cooperate more often when it is unknown, together with the analogous two-stage gambling results. They built a quantum probability model in which beliefs about the opponent and the player's own actions are represented in a four-dimensional Hilbert space, with a unitary evolution driven by payoffs and a cognitive-dissonance-type term that couples beliefs and actions. Interference between belief states in the unknown condition allows the probability of defection to fall outside the range permitted by the classical law of total probability. The model was fitted to published behavioural findings rather than new data. A limitation is the number of free parameters relative to the few data points. For agents, it shows how a quantum-like state can make an agent's action depend on whether uncertainty about another agent is resolved.","[CITE:Pothos2009] addressed violations of the sure-thing principle, where people defect in a one-shot prisoner's dilemma when they know the opponent's move but cooperate more often when it is unknown, together with the analogous two-stage gambling results. They built a quantum probability model in which beliefs about the opponent and the player's own actions are represented in a four-dimensional Hilbert space, with a unitary evolution driven by payoffs and a cognitive-dissonance-type term that couples beliefs and actions. Interference between belief states in the unknown condition allows the probability of defection to fall outside the range permitted by the classical law of total probability. The model was fitted to published behavioural findings rather than new data. A limitation is the number of free parameters relative to the few data points. For agents, it shows how a quantum-like state can make an agent's action depend on whether uncertainty about another agent is resolved.",Summary not yet checked against the source; it gives no numbers.
Busemeyer2009,Busemeyer et al. (2009),theory and evidence,Abstract,"Busemeyer et al. (2009) compared Markov and quantum theories as frameworks for probabilistic-dynamical models of decision-making. They noted that the two share many ideas but differ in key properties: Markov models obey the law of total probability but not the doubly stochastic law, whereas quantum models obey the doubly stochastic law but not the law of total probability. The article derived two parameter-free methods for testing which property holds empirically, presented a new experimental test, and reviewed findings from cognitive psychology that bear on these two properties. The strength of the approach is that the tests do not depend on fitting parameters. A limitation is that the conclusions depend on the specific paradigms examined, and later work refined the comparison, for example Busemeyer et al. (2020). For agent design, it gives a principled, data-driven way to decide whether a Markov or a quantum dynamic best describes an operator's or agent's decision process.","[CITE:Busemeyer2009] compared Markov and quantum theories as frameworks for probabilistic-dynamical models of decision-making. They noted that the two share many ideas but differ in key properties: Markov models obey the law of total probability but not the doubly stochastic law, whereas quantum models obey the doubly stochastic law but not the law of total probability. The article derived two parameter-free methods for testing which property holds empirically, presented a new experimental test, and reviewed findings from cognitive psychology that bear on these two properties. The strength of the approach is that the tests do not depend on fitting parameters. A limitation is that the conclusions depend on the specific paradigms examined, and later work refined the comparison, for example [CITE:Busemeyer2020]. For agent design, it gives a principled, data-driven way to decide whether a Markov or a quantum dynamic best describes an operator's or agent's decision process.",
Aerts2009,Aerts (2009),theory and evidence,Full text,"Aerts (2009) asked how concepts combine and carry meaning, and proposed modelling concept combinations with the Hilbert-space and Fock-space formalism of quantum mechanics. Using Hampton's (1988) membership-weight data for pairs of concepts and their conjunctions and disjunctions, he showed that over- and underextension effects (e.g. the guppy effect) cannot be reproduced by any classical probability model, and built an explicit quantum model in which superposition and interference account for these deviations. The Fock-space construction led to a proposed two-layer structure of thought: a classical logical layer and a quantum conceptual layer, whose superposition determines the measured weights (e.g. worked examples such as Poppyseeds for 'Spices or Herbs'). The paper also relates this to the disjunction effect, conjunction fallacy and Allais and Ellsberg paradoxes. A limitation is that the model reconstructs existing data with considerable freedom rather than testing new predictions. For AI, it suggests that concept representations in agents may need contextual, non-compositional structure.","[CITE:Aerts2009] asked how concepts combine and carry meaning, and proposed modelling concept combinations with the Hilbert-space and Fock-space formalism of quantum mechanics. Using Hampton's (1988) membership-weight data for pairs of concepts and their conjunctions and disjunctions, he showed that over- and underextension effects (e.g. the guppy effect) cannot be reproduced by any classical probability model, and built an explicit quantum model in which superposition and interference account for these deviations. The Fock-space construction led to a proposed two-layer structure of thought: a classical logical layer and a quantum conceptual layer, whose superposition determines the measured weights (e.g. worked examples such as Poppyseeds for 'Spices or Herbs'). The paper also relates this to the disjunction effect, conjunction fallacy and Allais and Ellsberg paradoxes. A limitation is that the model reconstructs existing data with considerable freedom rather than testing new predictions. For AI, it suggests that concept representations in agents may need contextual, non-compositional structure.",Repository copy: arXiv version (0805.3850v2).
Khrennikov2010,Khrennikov (2010),theory and evidence,Abstract,"Khrennikov (2010) is a monograph setting out the 'quantum-like' programme: applying the probabilistic formalism of quantum theory, without assuming quantum physics in the brain, to psychology, cognition, economics and finance. It builds on a contextual (Växjö) view of probability in which probabilities depend on experimental contexts, and presents a representation algorithm that maps contextual probability data exhibiting interference into complex (and, in some cases, hyperbolic) probability amplitudes. Applications include interference of probabilities in cognitive experiments, the disjunction effect in decision-making, and quantum-like models of financial markets. The book is primarily theoretical, drawing illustrations from published data. Its limitation is that many applications are sketches rather than systematic model comparisons. For the survey, it is the main foundational statement of the quantum-like stance, the idea that QP mathematics can run on classical hardware to model agents operating under contextual uncertainty.","[CITE:Khrennikov2010] is a monograph setting out the 'quantum-like' programme: applying the probabilistic formalism of quantum theory, without assuming quantum physics in the brain, to psychology, cognition, economics and finance. It builds on a contextual (Växjö) view of probability in which probabilities depend on experimental contexts, and presents a representation algorithm that maps contextual probability data exhibiting interference into complex (and, in some cases, hyperbolic) probability amplitudes. Applications include interference of probabilities in cognitive experiments, the disjunction effect in decision-making, and quantum-like models of financial markets. The book is primarily theoretical, drawing illustrations from published data. Its limitation is that many applications are sketches rather than systematic model comparisons. For the survey, it is the main foundational statement of the quantum-like stance, the idea that QP mathematics can run on classical hardware to model agents operating under contextual uncertainty.",Summary not yet checked against the source; it gives no numbers.
Trueblood2011,Trueblood and Busemeyer (2011),theory and evidence,Abstract,"Trueblood and Busemeyer (2011) studied order effects in inference, where the final judgement about a hypothesis depends on the order in which evidence is presented. In a mock-jury style task, participants rated the likelihood of guilt after reading prosecution and defence evidence in different orders, producing recency effects in which later evidence had greater impact. The authors modelled this with a quantum probability model, in which evidence is processed by rotating a belief state vector across incompatible perspectives, and compared it with the heuristic belief-adjustment (anchoring-and-adjustment) model. According to the later review by Bruza et al. (2015), the anchoring-and-adjustment model failed even to reproduce the ordering of order-effect sizes across conditions, whereas the quantum model reproduced all of them. A limitation is that the evidence comes from vignette judgements rather than consequential decisions. For autonomous systems, the work models how sequential evidence in human-agent teams may produce order-dependent beliefs that a classical Bayesian filter would not predict.","[CITE:Trueblood2011] studied order effects in inference, where the final judgement about a hypothesis depends on the order in which evidence is presented. In a mock-jury style task, participants rated the likelihood of guilt after reading prosecution and defence evidence in different orders, producing recency effects in which later evidence had greater impact. The authors modelled this with a quantum probability model, in which evidence is processed by rotating a belief state vector across incompatible perspectives, and compared it with the heuristic belief-adjustment (anchoring-and-adjustment) model. According to the later review by [CITE:Bruza2015], the anchoring-and-adjustment model failed even to reproduce the ordering of order-effect sizes across conditions, whereas the quantum model reproduced all of them. A limitation is that the evidence comes from vignette judgements rather than consequential decisions. For autonomous systems, the work models how sequential evidence in human-agent teams may produce order-dependent beliefs that a classical Bayesian filter would not predict.",Summary not yet checked against the source; it gives no numbers.
Busemeyer2011,Busemeyer et al. (2011),theory and evidence,Full text,"Busemeyer et al. (2011) introduced a quantum probability model of human probability judgement to explain conjunction, disjunction, inverse and conditional fallacies, as well as unpacking and partitioning effects. Events are subspaces of a Hilbert space; incompatible questions must be evaluated sequentially, so a conjunction is judged by projecting the belief state first onto the more likely event and then onto the less likely one, which can yield a conjunction probability higher than that of the less likely constituent (as in the Linda problem of Tversky and Kahneman (1983)). The model predicts order effects, which the authors link to published data showing larger conjunction errors when the conjunction is rated first. They compared the quantum account with the representativeness heuristic, an averaging model and a memory-retrieval model across 15 major empirical findings, concluding that the quantum model is more comprehensive for conjunction and disjunction errors, while not claiming general superiority. Limitations include qualitative rather than quantitative fitting. For AI, it offers a principled generator of human-like judgement 'errors'.","[CITE:Busemeyer2011] introduced a quantum probability model of human probability judgement to explain conjunction, disjunction, inverse and conditional fallacies, as well as unpacking and partitioning effects. Events are subspaces of a Hilbert space; incompatible questions must be evaluated sequentially, so a conjunction is judged by projecting the belief state first onto the more likely event and then onto the less likely one, which can yield a conjunction probability higher than that of the less likely constituent (as in the Linda problem of [CITE:Tversky1983]). The model predicts order effects, which the authors link to published data showing larger conjunction errors when the conjunction is rated first. They compared the quantum account with the representativeness heuristic, an averaging model and a memory-retrieval model across 15 major empirical findings, concluding that the quantum model is more comprehensive for conjunction and disjunction errors, while not claiming general superiority. Limitations include qualitative rather than quantitative fitting. For AI, it offers a principled generator of human-like judgement 'errors'.","Repository copy: arXiv preprint (0909.2789), which lists only Busemeyer, Franco and Pothos; the published version adds Trueblood."
Aerts2011a,Aerts and Sozzo (2011),theory and evidence,Full text,"Aerts and Sozzo (2011) argued that entanglement arises naturally when concepts combine and tested this experimentally. Treating 'The Animal Acts' as a combination of the concepts Animal and Acts, they defined four experiments in which participants chose which of two exemplars (e.g. Horse or Bear; Growls or Whinnies) was a good example of the concept, and combined them into coincidence experiments to construct a Clauser-Horne-Shimony-Holt (CHSH) version of Bell's inequality. With 81 participants, the CHSH expression reached 2.4197, exceeding the classical bound of 2, which the authors interpret as evidence of entanglement between the component concepts, grounded in the state context property (SCoP) formalism. A limitation is that Bell violations in cognition can also stem from signalling or context-dependent marginals, an issue later formalised by Contextuality-by-Default (Dzhafarov and Kujala (2016)). For AI, it suggests that meaning in combined concepts may not factorise into independent component representations.","[CITE:Aerts2011a] argued that entanglement arises naturally when concepts combine and tested this experimentally. Treating 'The Animal Acts' as a combination of the concepts Animal and Acts, they defined four experiments in which participants chose which of two exemplars (e.g. Horse or Bear; Growls or Whinnies) was a good example of the concept, and combined them into coincidence experiments to construct a Clauser-Horne-Shimony-Holt (CHSH) version of Bell's inequality. With 81 participants, the CHSH expression reached 2.4197, exceeding the classical bound of 2, which the authors interpret as evidence of entanglement between the component concepts, grounded in the state context property (SCoP) formalism. A limitation is that Bell violations in cognition can also stem from signalling or context-dependent marginals, an issue later formalised by Contextuality-by-Default ([CITE:Dzhafarov2016a]). For AI, it suggests that meaning in combined concepts may not factorise into independent component representations.","Repository copy: arXiv version (1104.1322v2, revised 2013)."
Aerts2011b,Aerts et al. (2011),theory and evidence,Full text,"Aerts et al. (2011) presented the Brussels quantum-cognition programme to the quantum-technology community. They summarised experiments showing that concept combination and decision-making violate classical logic and probability (guppy effect, Allais and Ellsberg paradoxes, disjunction effect), the state context property (SCoP) formalism in which contexts change the state of a concept, and quantum models aligned with experimental data. The results are interpreted as a double-layered structure of thought: classical logical thought and quantum conceptual thought. The paper then links this to information retrieval, citing quantum-logic negation and Hilbert-space retrieval models, and web-search evidence of guppy-like effects and Bell-inequality violations, and suggests 'quantised' knowledge organisation systems. An appendix gives a simple interference model for concept disjunction. The limitation is that it is an overview without new data. It matters because it explicitly names artificial intelligence and robotics as application domains for quantum structure in cognition.","[CITE:Aerts2011b] presented the Brussels quantum-cognition programme to the quantum-technology community. They summarised experiments showing that concept combination and decision-making violate classical logic and probability (guppy effect, Allais and Ellsberg paradoxes, disjunction effect), the state context property (SCoP) formalism in which contexts change the state of a concept, and quantum models aligned with experimental data. The results are interpreted as a double-layered structure of thought: classical logical thought and quantum conceptual thought. The paper then links this to information retrieval, citing quantum-logic negation and Hilbert-space retrieval models, and web-search evidence of guppy-like effects and Bell-inequality violations, and suggests 'quantised' knowledge organisation systems. An appendix gives a simple interference model for concept disjunction. The limitation is that it is an overview without new data. It matters because it explicitly names artificial intelligence and robotics as application domains for quantum structure in cognition.","Authors corrected: the reading list gave Aerts, Broekaert, Czachor et al.; the paper is by Aerts, Gabora, Sozzo and Veloz. Repository copy: arXiv 1104.3344v1."
Aerts2011c,Aerts et al. (2011),theory and evidence,Full text,"Aerts et al. (2011) connected violations of Savage's sure-thing principle, and hence of expected utility, to the disjunction effect. They focused on the Hawaii problem, in which more than half of participants chose to buy a vacation package when they knew the exam outcome (54% after passing, 57% after failing) but only 32% did so when the outcome was unknown. Drawing on their earlier concept-theory work, they explained this through 'quantum conceptual thought' operating alongside 'classical logical thought', and built a quantum mechanical model of the Hawaii situation in which the decision dynamics are generated by the conceptual landscape surrounding the choice. They also relate the analysis to overextension in concept disjunctions (e.g. Olive for 'Fruits or Vegetables') and to the Ellsberg paradox. A limitation is that the model is fitted to one classic data set with no out-of-sample test. For agents, it frames sure-thing violations as meaningful context effects rather than noise.","[CITE:Aerts2011c] connected violations of Savage's sure-thing principle, and hence of expected utility, to the disjunction effect. They focused on the Hawaii problem, in which more than half of participants chose to buy a vacation package when they knew the exam outcome (54% after passing, 57% after failing) but only 32% did so when the outcome was unknown. Drawing on their earlier concept-theory work, they explained this through 'quantum conceptual thought' operating alongside 'classical logical thought', and built a quantum mechanical model of the Hawaii situation in which the decision dynamics are generated by the conceptual landscape surrounding the choice. They also relate the analysis to overextension in concept disjunctions (e.g. Olive for 'Fruits or Vegetables') and to the Ellsberg paradox. A limitation is that the model is fitted to one classic data set with no out-of-sample test. For agents, it frames sure-thing violations as meaningful context effects rather than noise.",Repository copy: arXiv 1004.2525v2.
Yukalov2011,Yukalov and Sornette (2011),theory and evidence,Abstract,"Yukalov and Sornette (2011) developed Quantum Decision Theory (QDT), in which prospects (lotteries or actions) are represented as vectors in a Hilbert space of mental states and decision-making is modelled as a quantum measurement. The probability of choosing a prospect is decomposed into a classical utility factor and a quantum interference (attraction) factor that reflects subjective attractiveness and uncertainty; composite prospects can be entangled. The authors used this framework to explain a range of classical decision paradoxes, including the disjunction effect, conjunction fallacy and Allais and Ellsberg paradoxes, and compared qualitative predictions with published experimental results. The approach is mathematically general and offers a priori estimates of interference terms, developed further in Yukalov and Sornette (2016). A limitation is that the interference factor is only partially constrained, leaving flexibility in fitting individual paradoxes. For autonomous agents, QDT provides an explicit utility-plus-attraction choice rule that can be implemented on classical hardware.","[CITE:Yukalov2011] developed Quantum Decision Theory (QDT), in which prospects (lotteries or actions) are represented as vectors in a Hilbert space of mental states and decision-making is modelled as a quantum measurement. The probability of choosing a prospect is decomposed into a classical utility factor and a quantum interference (attraction) factor that reflects subjective attractiveness and uncertainty; composite prospects can be entangled. The authors used this framework to explain a range of classical decision paradoxes, including the disjunction effect, conjunction fallacy and Allais and Ellsberg paradoxes, and compared qualitative predictions with published experimental results. The approach is mathematically general and offers a priori estimates of interference terms, developed further in [CITE:Yukalov2016]. A limitation is that the interference factor is only partially constrained, leaving flexibility in fitting individual paradoxes. For autonomous agents, QDT provides an explicit utility-plus-attraction choice rule that can be implemented on classical hardware.",arXiv version: 1102.2738. Summary not yet checked against the source; it gives no numbers.
Busemeyer2012,Busemeyer and Bruza (2012),theory and evidence,Full text,"Busemeyer and Bruza (2012) is the first comprehensive textbook on quantum models of cognition and decision. After a non-physicist introduction to quantum probability (Chapter 2), it applies the theory to order effects in attitude judgements, probability judgement errors, concept combination, conjoint memory recognition and the mental lexicon; introduces quantum dynamics and contrasts them with Markov models; applies them to paradoxical decision findings; and covers quantum computing and quantum neural networks. Chapter 1 motivates the approach with examples including interference in categorisation-decision tasks (reporting an experiment with 26 undergraduates) and a simple two-dimensional model of the conjunction fallacy. The book stresses that quantum probability is used as a mathematical framework, not as a claim about quantum brain physics. Its limitation, like the field's, is reliance on data from laboratory paradigms. For the survey, it is the standard reference for implementing quantum-like models on classical computers for agent decision-making.","[CITE:Busemeyer2012] is the first comprehensive textbook on quantum models of cognition and decision. After a non-physicist introduction to quantum probability (Chapter 2), it applies the theory to order effects in attitude judgements, probability judgement errors, concept combination, conjoint memory recognition and the mental lexicon; introduces quantum dynamics and contrasts them with Markov models; applies them to paradoxical decision findings; and covers quantum computing and quantum neural networks. Chapter 1 motivates the approach with examples including interference in categorisation-decision tasks (reporting an experiment with 26 undergraduates) and a simple two-dimensional model of the conjunction fallacy. The book stresses that quantum probability is used as a mathematical framework, not as a claim about quantum brain physics. Its limitation, like the field's, is reliance on data from laboratory paradigms. For the survey, it is the standard reference for implementing quantum-like models on classical computers for agent decision-making.","Repository copy contains only the front matter and Chapter 1 (1st edition, 2012); details of later chapters taken from the book's chapter overview."
Pothos2013a,Pothos and Busemeyer (2013),theory and evidence,Full text,"Pothos and Busemeyer (2013) argued in a target article that quantum probability (QP) theory offers a viable alternative to classical (Bayesian) probability for cognitive modelling. They introduced QP in cognitive terms, highlighting that judgements are context and order dependent, that belief states can be superpositions indefinite with respect to a question, and that composite systems can be entangled. They reviewed evidence including the conjunction fallacy, violations of the sure-thing principle in the prisoner's dilemma and two-stage gambles, and question order effects such as a Gallup poll in which 'yes' rates for 'Is Clinton honest?' and 'Is Gore honest?' were 50% and 68% in one order but 57% and 60% in the reverse order. They also discussed rationality and model complexity, remaining agnostic about quantum brain physics. As a target article it was published with open peer commentary, where model flexibility and testability were debated. For the survey, it is the reference statement that QP models are cognitive, not physical, models, which is what makes them portable to classical agents.","[CITE:Pothos2013a] argued in a target article that quantum probability (QP) theory offers a viable alternative to classical (Bayesian) probability for cognitive modelling. They introduced QP in cognitive terms, highlighting that judgements are context and order dependent, that belief states can be superpositions indefinite with respect to a question, and that composite systems can be entangled. They reviewed evidence including the conjunction fallacy, violations of the sure-thing principle in the prisoner's dilemma and two-stage gambles, and question order effects such as a Gallup poll in which 'yes' rates for 'Is Clinton honest?' and 'Is Gore honest?' were 50% and 68% in one order but 57% and 60% in the reverse order. They also discussed rationality and model complexity, remaining agnostic about quantum brain physics. As a target article it was published with open peer commentary, where model flexibility and testability were debated. For the survey, it is the reference statement that QP models are cognitive, not physical, models, which is what makes them portable to classical agents.",Repository copy: the authors' preprint of the target article.
Wang2013a,Wang et al. (2013),theory and evidence,Abstract,"Wang et al. (2013) introduced a Topics in Cognitive Science special issue on quantum cognition and set out the case for using quantum theory to build models of cognition. They argued that the mathematical principles of quantum probability, such as incompatibility of questions, superposition of belief states and entanglement, provide a coherent formal basis for phenomena that are awkward for classical probability, including order effects, violations of the law of total probability and non-compositional concept combination. The paper emphasises that the approach is a probabilistic modelling framework, independent of claims about quantum physics in the brain, and outlines open issues such as model testability and the relation to classical Bayesian and heuristic accounts. It contains no new data. Its limitation is its programmatic nature: the evidential weight rests on the articles it introduces, such as Wang and Busemeyer (2013) and Aerts et al. (2013). For the survey, it documents the field's consolidation phase and its explicitly non-physical interpretation.","[CITE:Wang2013a] introduced a Topics in Cognitive Science special issue on quantum cognition and set out the case for using quantum theory to build models of cognition. They argued that the mathematical principles of quantum probability, such as incompatibility of questions, superposition of belief states and entanglement, provide a coherent formal basis for phenomena that are awkward for classical probability, including order effects, violations of the law of total probability and non-compositional concept combination. The paper emphasises that the approach is a probabilistic modelling framework, independent of claims about quantum physics in the brain, and outlines open issues such as model testability and the relation to classical Bayesian and heuristic accounts. It contains no new data. Its limitation is its programmatic nature: the evidential weight rests on the articles it introduces, such as [CITE:Wang2013b] and [CITE:Aerts2013]. For the survey, it documents the field's consolidation phase and its explicitly non-physical interpretation.",Summary not yet checked against the source; it gives no numbers.
Wang2013b,Wang and Busemeyer (2013),theory and evidence,Abstract,"Wang and Busemeyer (2013) derived an a priori, parameter-free prediction of the quantum question-order model, the quantum question (QQ) equality: the order effect for 'yes-yes' plus 'no-no' answer sequences must cancel against the order effect for 'yes-no' plus 'no-yes' sequences, so that the summed order effects equal zero. The prediction follows from representing answers as projections in a Hilbert space and holds regardless of the initial belief state. They tested it against published survey data on question order effects, including well-known attitude questions, and found it supported, whereas many classical models that produce order effects do not generally imply it. A limitation is that the tests use existing survey data, and the QQ equality does not by itself rule out all non-quantum explanations. A much larger test followed in Wang et al. (2014). For agents that query humans sequentially, the QQ equality offers a concrete diagnostic of whether answers behave as quantum-like projections.","[CITE:Wang2013b] derived an a priori, parameter-free prediction of the quantum question-order model, the quantum question (QQ) equality: the order effect for 'yes-yes' plus 'no-no' answer sequences must cancel against the order effect for 'yes-no' plus 'no-yes' sequences, so that the summed order effects equal zero. The prediction follows from representing answers as projections in a Hilbert space and holds regardless of the initial belief state. They tested it against published survey data on question order effects, including well-known attitude questions, and found it supported, whereas many classical models that produce order effects do not generally imply it. A limitation is that the tests use existing survey data, and the QQ equality does not by itself rule out all non-quantum explanations. A much larger test followed in [CITE:Wang2014]. For agents that query humans sequentially, the QQ equality offers a concrete diagnostic of whether answers behave as quantum-like projections.",Summary not yet checked against the source; it gives no numbers.
Aerts2013,Aerts et al. (2013),theory and evidence,Abstract,"Aerts et al. (2013) presented, for a cognitive-science audience, the Brussels quantum-theoretic approach to concepts and their dynamics. Concepts are treated as entities in states that change under context, so that exemplar typicality and membership weights are context dependent. Using Hilbert space and Fock space, the authors modelled the guppy effect, over- and underextension in conjunctions and disjunctions of concepts, and entanglement in concept combinations, and interpreted the results as a two-layer structure of human thought (quantum conceptual and classical logical) as in Aerts (2009) and Aerts and Sozzo (2011). They argued that these quantum effects reflect how meaning is carried by concepts rather than failures of reasoning. A limitation is that the models are largely reconstructions of existing experimental data, with high representational freedom. For AI and robotics, the paper motivates context-dependent concept representations for agents that must interpret combined linguistic commands or categories.","[CITE:Aerts2013] presented, for a cognitive-science audience, the Brussels quantum-theoretic approach to concepts and their dynamics. Concepts are treated as entities in states that change under context, so that exemplar typicality and membership weights are context dependent. Using Hilbert space and Fock space, the authors modelled the guppy effect, over- and underextension in conjunctions and disjunctions of concepts, and entanglement in concept combinations, and interpreted the results as a two-layer structure of human thought (quantum conceptual and classical logical) as in [CITE:Aerts2009] and [CITE:Aerts2011a]. They argued that these quantum effects reflect how meaning is carried by concepts rather than failures of reasoning. A limitation is that the models are largely reconstructions of existing experimental data, with high representational freedom. For AI and robotics, the paper motivates context-dependent concept representations for agents that must interpret combined linguistic commands or categories.",arXiv version: 1206.1069. Summary not yet checked against the source; it gives no numbers.
Wang2014,Wang et al. (2014),theory and evidence,Abstract,"Wang et al. (2014) tested the quantum question (QQ) equality, the parameter-free prediction of the quantum question-order model introduced in Wang and Busemeyer (2013), on a large body of survey data. According to the later review by Bruza et al. (2015), the equality was statistically supported across 70 national field experiments on question order covering a wide range of topics, plus two laboratory experiments, and anchoring-and-adjustment accounts failed to reproduce the observed patterns. The authors argued that this pattern is predicted a priori by quantum probability yet is not implied by many classical models that produce order effects, so that question order effects reveal a quantum-like structure of human judgement. A limitation is that the QQ equality is necessary rather than sufficient evidence, and later analyses (e.g. Khrennikov et al. (2014)) showed that simple projective models face difficulties once response replicability is also considered. For human-AI interaction, it is the strongest large-scale evidence that sequential queries change the responder's state.","[CITE:Wang2014] tested the quantum question (QQ) equality, the parameter-free prediction of the quantum question-order model introduced in [CITE:Wang2013b], on a large body of survey data. According to the later review by [CITE:Bruza2015], the equality was statistically supported across 70 national field experiments on question order covering a wide range of topics, plus two laboratory experiments, and anchoring-and-adjustment accounts failed to reproduce the observed patterns. The authors argued that this pattern is predicted a priori by quantum probability yet is not implied by many classical models that produce order effects, so that question order effects reveal a quantum-like structure of human judgement. A limitation is that the QQ equality is necessary rather than sufficient evidence, and later analyses (e.g. [CITE:Khrennikov2014]) showed that simple projective models face difficulties once response replicability is also considered. For human-AI interaction, it is the strongest large-scale evidence that sequential queries change the responder's state.",Title corrected. Summary not yet checked against the source; it gives no numbers. The '70 surveys' figure is taken from Bruza 2015 (full text).
Khrennikov2014,Khrennikov et al. (2014),theory and evidence,Abstract,"Khrennikov et al. (2014) identified a basic difficulty for quantum models of psychological measurement. Question order effects require the corresponding projectors to be non-commuting, but people also show response replicability: when a question is asked again, including after an intervening second question, they tend to repeat their earlier answer. The authors showed that standard quantum models with projective measurements and Lüders state updating cannot reproduce order effects together with such replicability, and argued that simple generalisations of the measurement model do not resolve the conflict, hence 'an unsolved problem'. The analysis is formal, drawing on the empirical properties of question-order data such as the QQ equality of Wang et al. (2014). A limitation is that it assumes particular measurement classes; later work proposed resolutions using more general quantum instruments (Ozawa and Khrennikov (2021)). For agents, it warns that naive projective QP modules may be inconsistent with the stability of human answers in repeated interactions.","[CITE:Khrennikov2014] identified a basic difficulty for quantum models of psychological measurement. Question order effects require the corresponding projectors to be non-commuting, but people also show response replicability: when a question is asked again, including after an intervening second question, they tend to repeat their earlier answer. The authors showed that standard quantum models with projective measurements and Lüders state updating cannot reproduce order effects together with such replicability, and argued that simple generalisations of the measurement model do not resolve the conflict, hence 'an unsolved problem'. The analysis is formal, drawing on the empirical properties of question-order data such as the QQ equality of [CITE:Wang2014]. A limitation is that it assumes particular measurement classes; later work proposed resolutions using more general quantum instruments ([CITE:Ozawa2021]). For agents, it warns that naive projective QP modules may be inconsistent with the stability of human answers in repeated interactions.",Summary not yet checked against the source; it gives no numbers.
Bruza2015,Bruza et al. (2015),theory and evidence,Full text,"Bruza et al. (2015) reviewed quantum cognition as a third approach alongside heuristic and rational (Bayesian) accounts of judgement and decision. They contrasted the classical and quantum axioms (in boxed summaries), explaining that the two agree when all events are compatible and diverge only when incompatible events force sequential evaluation. Key evidence reviewed includes the Linda conjunction fallacy, question order effects and the quantum question (QQ) equality, reported as statistically supported across 70 national field experiments; order effects in inference, where the quantum model outperformed anchoring-and-adjustment; violations of the law of total probability in the prisoner's dilemma; and categorisation-decision interference in which attack rates without categorisation fell outside the classical bounds. They also discussed rationality, suggesting quantum models may approximate optimal performance with lower representational demands than full joint distributions, and listed open questions on dynamics and contextuality. As a review, it presents no new data. For agents, its compatibility argument clarifies when a quantum-like module adds anything over a Bayesian one.","[CITE:Bruza2015] reviewed quantum cognition as a third approach alongside heuristic and rational (Bayesian) accounts of judgement and decision. They contrasted the classical and quantum axioms (in boxed summaries), explaining that the two agree when all events are compatible and diverge only when incompatible events force sequential evaluation. Key evidence reviewed includes the Linda conjunction fallacy, question order effects and the quantum question (QQ) equality, reported as statistically supported across 70 national field experiments; order effects in inference, where the quantum model outperformed anchoring-and-adjustment; violations of the law of total probability in the prisoner's dilemma; and categorisation-decision interference in which attack rates without categorisation fell outside the classical bounds. They also discussed rationality, suggesting quantum models may approximate optimal performance with lower representational demands than full joint distributions, and listed open questions on dynamics and contextuality. As a review, it presents no new data. For agents, its compatibility argument clarifies when a quantum-like module adds anything over a Bayesian one.",
Busemeyer2015,Busemeyer and Wang (2015),theory and evidence,Abstract,"Busemeyer and Wang (2015) gave a short, accessible introduction to quantum cognition for a general psychology readership. They explained that quantum cognition uses the mathematical principles of quantum probability, not quantum physics of the brain, to model how people form judgements and decisions, emphasising incompatible questions, superposition states and the resulting order and context effects. They illustrated applications such as question order effects, conjunction and disjunction fallacies, and violations of the sure-thing principle, and indicated how quantum models can generate a priori testable predictions. The article is a review and contains no new data or model fits. Its limitation is brevity: it cannot address competing classical explanations in depth. For the survey, it is a convenient entry-level citation for the quantum-like stance adopted when transferring these models to artificial agents.","[CITE:Busemeyer2015] gave a short, accessible introduction to quantum cognition for a general psychology readership. They explained that quantum cognition uses the mathematical principles of quantum probability, not quantum physics of the brain, to model how people form judgements and decisions, emphasising incompatible questions, superposition states and the resulting order and context effects. They illustrated applications such as question order effects, conjunction and disjunction fallacies, and violations of the sure-thing principle, and indicated how quantum models can generate a priori testable predictions. The article is a review and contains no new data or model fits. Its limitation is brevity: it cannot address competing classical explanations in depth. For the survey, it is a convenient entry-level citation for the quantum-like stance adopted when transferring these models to artificial agents.",Summary not yet checked against the source; it gives no numbers.
Kvam2015,Kvam et al. (2015),theory and evidence,Abstract,"Kvam et al. (2015) tested whether evidence accumulation in perceptual decisions behaves like a Markov or a quantum random walk. In a random-dot motion task, participants gave confidence ratings at two time points, with or without making an explicit choice at the first point. A Markov (classical random walk) model implies that making an intermediate choice should not change the distribution of later confidence, apart from the information already accumulated, whereas a quantum walk predicts an interference effect, because the choice collapses an indefinite belief state. The authors found that the intermediate choice did affect later confidence, consistent with interference, and that a quantum random walk model accounted for the data better than Markov models. A limitation is that the paradigm is a simple two-alternative perceptual task. For robots and agents, it supports quantum walk models of evidence accumulation in which committing to a decision changes subsequent confidence, relevant to human-robot teaming where operators report decisions.","[CITE:Kvam2015] tested whether evidence accumulation in perceptual decisions behaves like a Markov or a quantum random walk. In a random-dot motion task, participants gave confidence ratings at two time points, with or without making an explicit choice at the first point. A Markov (classical random walk) model implies that making an intermediate choice should not change the distribution of later confidence, apart from the information already accumulated, whereas a quantum walk predicts an interference effect, because the choice collapses an indefinite belief state. The authors found that the intermediate choice did affect later confidence, consistent with interference, and that a quantum random walk model accounted for the data better than Markov models. A limitation is that the paradigm is a simple two-alternative perceptual task. For robots and agents, it supports quantum walk models of evidence accumulation in which committing to a decision changes subsequent confidence, relevant to human-robot teaming where operators report decisions.",Summary not yet checked against the source; it gives no numbers.
Yearsley2016a,Yearsley and Busemeyer (2016),theory and evidence,Abstract,"Yearsley and Busemeyer (2016) wrote a tutorial on building quantum models of cognition and decision, aimed at researchers familiar with linear algebra but not necessarily with quantum physics. Rather than surveying the field, they focused on the practical construction of models, using order effects in judgement as the running example. They showed how quantum theory naturally produces order effects through incompatible (non-commuting) projections and derived the quantum question (QQ) equality, a prediction that competing frameworks do not generally derive and that has received strong experimental support (Wang et al. (2014)). The paper covers the essential mathematical tools, model specification and applications. As a tutorial, it contains no new data. Its limitation is its restriction to pure states and ideal measurements, extended in Yearsley (2017). For the survey, it is the natural methodological reference for engineers implementing a quantum-like judgement module on classical hardware.","[CITE:Yearsley2016a] wrote a tutorial on building quantum models of cognition and decision, aimed at researchers familiar with linear algebra but not necessarily with quantum physics. Rather than surveying the field, they focused on the practical construction of models, using order effects in judgement as the running example. They showed how quantum theory naturally produces order effects through incompatible (non-commuting) projections and derived the quantum question (QQ) equality, a prediction that competing frameworks do not generally derive and that has received strong experimental support ([CITE:Wang2014]). The paper covers the essential mathematical tools, model specification and applications. As a tutorial, it contains no new data. Its limitation is its restriction to pure states and ideal measurements, extended in [CITE:Yearsley2017]. For the survey, it is the natural methodological reference for engineers implementing a quantum-like judgement module on classical hardware.",
Wang2016,Wang and Busemeyer (2016),theory and evidence,Abstract,"Wang and Busemeyer (2016) examined how explicit categorisation influences subsequent decisions. Across three experiments with 721 participants, people viewed faces and either categorised them and then decided on an action (C-D trials), were told the category and then decided (X-D trials), or decided without categorising (D-alone trials). In some conditions an interference effect appeared: the probability of action on D-alone trials differed from the total probability computed from the categorisation trials, violating the classical law of total probability and challenging Markov and signal-detection models. To explain this, the authors proposed a belief-action entanglement (BAE) model that uses superposition and entanglement between belief and action states, and reported that it predicted the observed pattern across experiments. A limitation is that interference appeared only in some conditions, and the stimuli are laboratory faces with artificial reward structures. For autonomous agents and human-robot teams, it models how forcing an explicit classification step (e.g. friend or foe) can change the downstream action probabilities.","[CITE:Wang2016] examined how explicit categorisation influences subsequent decisions. Across three experiments with 721 participants, people viewed faces and either categorised them and then decided on an action (C-D trials), were told the category and then decided (X-D trials), or decided without categorising (D-alone trials). In some conditions an interference effect appeared: the probability of action on D-alone trials differed from the total probability computed from the categorisation trials, violating the classical law of total probability and challenging Markov and signal-detection models. To explain this, the authors proposed a belief-action entanglement (BAE) model that uses superposition and entanglement between belief and action states, and reported that it predicted the observed pattern across experiments. A limitation is that interference appeared only in some conditions, and the stimuli are laboratory faces with artificial reward structures. For autonomous agents and human-robot teams, it models how forcing an explicit classification step (e.g. friend or foe) can change the downstream action probabilities.",
Yearsley2016b,Yearsley and Pothos (2016),theory and evidence,Abstract,"Yearsley and Pothos (2016) tested a distinctive prediction of quantum cognition: the quantum Zeno effect, whereby frequent measurement of a system slows or freezes its evolution. Applied to cognition, the hypothesis is that repeatedly asking a person to report their belief while evidence accumulates will slow the change in that belief compared with fewer judgements. The authors built a quantum model of belief change under sequential evidence and conducted experiments in which participants evaluated a scenario while the number of intermediate judgements was manipulated, reporting results consistent with a Zeno-type slowing of belief change that is difficult to reconcile with standard classical accounts. A limitation is that alternative explanations, such as commitment or consistency effects from repeated reporting, must be carefully excluded, and the effect was studied in a specific judgement paradigm. For agents that frequently query human operators, it suggests that the querying rate itself may alter the operator's belief trajectory.","[CITE:Yearsley2016b] tested a distinctive prediction of quantum cognition: the quantum Zeno effect, whereby frequent measurement of a system slows or freezes its evolution. Applied to cognition, the hypothesis is that repeatedly asking a person to report their belief while evidence accumulates will slow the change in that belief compared with fewer judgements. The authors built a quantum model of belief change under sequential evidence and conducted experiments in which participants evaluated a scenario while the number of intermediate judgements was manipulated, reporting results consistent with a Zeno-type slowing of belief change that is difficult to reconcile with standard classical accounts. A limitation is that alternative explanations, such as commitment or consistency effects from repeated reporting, must be carefully excluded, and the effect was studied in a specific judgement paradigm. For agents that frequently query human operators, it suggests that the querying rate itself may alter the operator's belief trajectory.",Summary not yet checked against the source; it gives no numbers.
Yukalov2016,Yukalov and Sornette (2016),theory and evidence,Full text,"Yukalov and Sornette (2016) gave a general definition of quantum probability that covers elementary and composite events, operationally testable and inconclusive measurements, and commuting and non-commuting observables, so that quantum measurement and quantum decision-making share one mathematical footing. Within their Quantum Decision Theory (Yukalov and Sornette (2011)), a prospect probability splits into a utility factor and an attraction (interference) factor; a 'quarter law' motivates a non-informative prior of about ±0.25 for the attraction factor. In the prisoner's dilemma example, published data give cooperation and defection probabilities of 0.37 and 0.63 when the partner's move is unknown, and QDT with the ±0.25 prior predicts 0.35 and 0.65. They also argued that the attraction factor decays roughly exponentially with added information, explaining preference reversal, and stated a quantum-classical correspondence principle specifying when classical decision theory is recovered. A limitation is that empirical support rests on a single illustrative example here. For agents, QDT offers a parameter-light choice rule usable on classical hardware.","[CITE:Yukalov2016] gave a general definition of quantum probability that covers elementary and composite events, operationally testable and inconclusive measurements, and commuting and non-commuting observables, so that quantum measurement and quantum decision-making share one mathematical footing. Within their Quantum Decision Theory ([CITE:Yukalov2011]), a prospect probability splits into a utility factor and an attraction (interference) factor; a 'quarter law' motivates a non-informative prior of about ±0.25 for the attraction factor. In the prisoner's dilemma example, published data give cooperation and defection probabilities of 0.37 and 0.63 when the partner's move is unknown, and QDT with the ±0.25 prior predicts 0.35 and 0.65. They also argued that the attraction factor decays roughly exponentially with added information, explaining preference reversal, and stated a quantum-classical correspondence principle specifying when classical decision theory is recovered. A limitation is that empirical support rests on a single illustrative example here. For agents, QDT offers a parameter-light choice rule usable on classical hardware.",Repository copy: arXiv 1601.02480.
Dzhafarov2016a,Dzhafarov and Kujala (2016),theory and evidence,Abstract,"Dzhafarov and Kujala (2016) gave a systematic presentation of Contextuality-by-Default (CbD), restricted to finite systems of categorical random variables. In CbD, each random variable is identified by its content (what is measured) and its context (the conditions of measurement), and two variables have a joint distribution only if they share a context. Variables sharing a context form 'bunches', and variables with the same content in different contexts form 'connections'. A system is contextual if no probabilistic coupling of the bunches can make all connections satisfy the required (maximal-agreement) properties simultaneously, meaning that context affects variables beyond direct influences. The framework is classical probability theory and is neutral about quantum mechanics, yet it provides the tool for deciding whether behavioural data are genuinely contextual or merely show context-dependent marginals. A limitation is that it tests, rather than models, cognition. For the survey, it is the reference method for auditing contextuality claims about human or agent decisions.","[CITE:Dzhafarov2016a] gave a systematic presentation of Contextuality-by-Default (CbD), restricted to finite systems of categorical random variables. In CbD, each random variable is identified by its content (what is measured) and its context (the conditions of measurement), and two variables have a joint distribution only if they share a context. Variables sharing a context form 'bunches', and variables with the same content in different contexts form 'connections'. A system is contextual if no probabilistic coupling of the bunches can make all connections satisfy the required (maximal-agreement) properties simultaneously, meaning that context affects variables beyond direct influences. The framework is classical probability theory and is neutral about quantum mechanics, yet it provides the tool for deciding whether behavioural data are genuinely contextual or merely show context-dependent marginals. A limitation is that it tests, rather than models, cognition. For the survey, it is the reference method for auditing contextuality claims about human or agent decisions.",
Yearsley2017,Yearsley (2017),theory and evidence,Abstract,"Yearsley (2017) extended the tutorial of Yearsley and Busemeyer (2016) to the more advanced tools needed for realistic quantum models of cognition and decision. The tutorial introduces density matrices to represent mixed states and imperfect knowledge, positive-operator-valued measures (POVMs) for noisy or imprecise measurements, and open-system dynamics in which the cognitive system interacts with an environment. The common aim is to incorporate noise and measurement uncertainty into quantum cognitive models rather than assuming idealised pure states and projective measurements. The paper is methodological and contains no new data. Its limitation is that these richer tools add parameters, increasing model flexibility and the burden of constraint by data. For autonomous agents, it is the key methodological bridge to open-system (e.g. Lindblad-type) quantum-like models of noisy decision processes, which are implementable on classical hardware and relevant to decoherence-style accounts of settling on a decision.","[CITE:Yearsley2017] extended the tutorial of [CITE:Yearsley2016a] to the more advanced tools needed for realistic quantum models of cognition and decision. The tutorial introduces density matrices to represent mixed states and imperfect knowledge, positive-operator-valued measures (POVMs) for noisy or imprecise measurements, and open-system dynamics in which the cognitive system interacts with an environment. The common aim is to incorporate noise and measurement uncertainty into quantum cognitive models rather than assuming idealised pure states and projective measurements. The paper is methodological and contains no new data. Its limitation is that these richer tools add parameters, increasing model flexibility and the burden of constraint by data. For autonomous agents, it is the key methodological bridge to open-system (e.g. Lindblad-type) quantum-like models of noisy decision processes, which are implementable on classical hardware and relevant to decoherence-style accounts of settling on a decision.",
Pothos2017,Pothos et al. (2017),theory and evidence,Abstract,"Pothos et al. (2017) examined whether behaviour described by quantum probability can be regarded as rational. Classical probability underpins normative accounts of rationality, for example through Dutch book arguments, so the quantum account of apparent fallacies such as the conjunction fallacy raises the question of whether such judgements are simply errors. The authors analysed the conditions under which quantum-probabilistic reasoning can be vulnerable to, or protected from, Dutch book-style exploitation, and argued that quantum probability can be seen as a principled framework for reasoning under incompatible perspectives and limited resources, rather than a catalogue of mistakes. A limitation is that the argument concerns rationality in a restricted sense and depends on assumptions about how judgements are elicited. For the survey, the question matters directly: designing agents with quantum-like decision modules requires a position on whether their deviations from Bayesian norms are defensible or should be corrected.","[CITE:Pothos2017] examined whether behaviour described by quantum probability can be regarded as rational. Classical probability underpins normative accounts of rationality, for example through Dutch book arguments, so the quantum account of apparent fallacies such as the conjunction fallacy raises the question of whether such judgements are simply errors. The authors analysed the conditions under which quantum-probabilistic reasoning can be vulnerable to, or protected from, Dutch book-style exploitation, and argued that quantum probability can be seen as a principled framework for reasoning under incompatible perspectives and limited resources, rather than a catalogue of mistakes. A limitation is that the argument concerns rationality in a restricted sense and depends on assumptions about how judgements are elicited. For the survey, the question matters directly: designing agents with quantum-like decision modules requires a position on whether their deviations from Bayesian norms are defensible or should be corrected.","Summary not yet checked against the source; it gives no numbers. Check whether the paper includes an experiment; if so, the evidence level may be E3."
Trueblood2017a,Trueblood et al. (2017),theory and evidence,Abstract,"Trueblood et al. (2017) asked how inference can be Bayesian in some situations and not in others, and proposed a unified quantum probability account. They postulate a hierarchy of mental representations running from fully quantum to classical, in which moving between levels changes the assumptions about compatibility, that is, how joint events are represented. Using data from three experiments, the authors show that the framework accounts for five inference phenomena: order effects, reciprocity (the inverse fallacy), memorylessness, violations of the Markov condition and anti-discounting; they state that no existing theory explains all five. They also examine transitions within the hierarchy, finding that representations become more classical as individuals gain familiarity with a task, and that individual representations relate to the Cognitive Reflection Test. A limitation is the added flexibility of choosing a hierarchy level per person and task. For autonomous agents, the idea of a graded, learnable shift from incompatible to compatible representations offers a principled way to model human teammates whose inference becomes more normative with experience.","[CITE:Trueblood2017a] asked how inference can be Bayesian in some situations and not in others, and proposed a unified quantum probability account. They postulate a hierarchy of mental representations running from fully quantum to classical, in which moving between levels changes the assumptions about compatibility, that is, how joint events are represented. Using data from three experiments, the authors show that the framework accounts for five inference phenomena: order effects, reciprocity (the inverse fallacy), memorylessness, violations of the Markov condition and anti-discounting; they state that no existing theory explains all five. They also examine transitions within the hierarchy, finding that representations become more classical as individuals gain familiarity with a task, and that individual representations relate to the Cognitive Reflection Test. A limitation is the added flexibility of choosing a hierarchy level per person and task. For autonomous agents, the idea of a graded, learnable shift from incompatible to compatible representations offers a principled way to model human teammates whose inference becomes more normative with experience.",
Broekaert2017,Broekaert et al. (2017),theory and evidence,Abstract,"Broekaert et al. (2017) examined the dynamical side of quantum probability theory (QPT) in cognitive modelling, asking how the mind's driving potentials, encoded as Hamiltonian and Lindbladian operators, shape the time evolution of a mental state. Noting that existing QPT models usually adopt strong simplifying assumptions about dynamics, they construct a series of nested models designed for a simple hypothetical decision-making paradigm. They consider Hamiltonians more complex than those traditionally used, vary the initial state (a mixed state with a specific orthogonal decomposition versus a general mixed state), and extend the dynamics with Lindbladian operators that destroy separability structure, giving an open-system extension. Relations between the models are illustrated mathematically and numerically, but no human data are fitted. The main limitation is therefore the absence of empirical constraint on the added flexibility. For autonomous agents, the paper is a useful map of the modelling choices, Hamiltonian versus Lindbladian, pure versus mixed, available when designing open-system decision dynamics.","[CITE:Broekaert2017] examined the dynamical side of quantum probability theory (QPT) in cognitive modelling, asking how the mind's driving potentials, encoded as Hamiltonian and Lindbladian operators, shape the time evolution of a mental state. Noting that existing QPT models usually adopt strong simplifying assumptions about dynamics, they construct a series of nested models designed for a simple hypothetical decision-making paradigm. They consider Hamiltonians more complex than those traditionally used, vary the initial state (a mixed state with a specific orthogonal decomposition versus a general mixed state), and extend the dynamics with Lindbladian operators that destroy separability structure, giving an open-system extension. Relations between the models are illustrated mathematically and numerically, but no human data are fitted. The main limitation is therefore the absence of empirical constraint on the added flexibility. For autonomous agents, the paper is a useful map of the modelling choices, Hamiltonian versus Lindbladian, pure versus mixed, available when designing open-system decision dynamics.",
Aerts2017,Aerts et al. (2017),theory and evidence,Abstract,"Aerts et al. (2017) contrasted two quantum accounts of the conjunction fallacy: one in which respondents reason sequentially, so that the fallacy arises from question order effects, and one in which the conjunction is evaluated as a whole, so that the fallacy arises from the emergence of new meaning as an overextension effect. To discriminate between them, the authors use the World Wide Web as an information space that can be interrogated both sequentially and non-sequentially, treating web-based counts as a proxy for collective conceptual structure rather than running a new laboratory study. They conclude that emergence effects, not order effects, should be considered the main mechanism producing the observed conjunction fallacies. The limitation is the indirect link between web statistics and individual judgement processes. For AI systems that draw on web-scale text, the result suggests that conjunction-type biases may be inherited from corpus-level meaning structure rather than from sequential inference alone.","[CITE:Aerts2017] contrasted two quantum accounts of the conjunction fallacy: one in which respondents reason sequentially, so that the fallacy arises from question order effects, and one in which the conjunction is evaluated as a whole, so that the fallacy arises from the emergence of new meaning as an overextension effect. To discriminate between them, the authors use the World Wide Web as an information space that can be interrogated both sequentially and non-sequentially, treating web-based counts as a proxy for collective conceptual structure rather than running a new laboratory study. They conclude that emergence effects, not order effects, should be considered the main mechanism producing the observed conjunction fallacies. The limitation is the indirect link between web statistics and individual judgement processes. For AI systems that draw on web-scale text, the result suggests that conjunction-type biases may be inherited from corpus-level meaning structure rather than from sequential inference alone.",
Aerts2017b,Aerts and Sassoli de Bianchi (2017),theory and evidence,Full text,"Aerts and Sassoli de Bianchi (2017) ask whether the Born rule suffices for question order effects. Their general tension-reduction (GTR) model is a hidden-measurement framework in which Born probabilities emerge as an average over non-uniform contextual fluctuations, so departures are expected when averaging is incomplete or measurements are combined. Using an exact GTR solution on the extended Bloch sphere, they reproduce the Gallup data reported by Moore (2002) for the Clinton/Gore and Rose/Jackson question pairs. They argue that both data sets are irreducibly non-Hilbertian, that the QQ-equality of Wang et al. (2014) can also hold for non-Hilbertian models and is therefore not a sufficient test, and that the joint occurrence of order effects and response replicability, which projective quantum models cannot handle, is naturally captured by the GTR model. The work re-describes published aggregate data without new experiments or out-of-sample tests, and the added fluctuation structure makes the model very flexible. For autonomous agents, it suggests Hilbert-space belief models may be only a first approximation when sequential queries interact.","[CITE:Aerts2017b] ask whether the Born rule suffices for question order effects. Their general tension-reduction (GTR) model is a hidden-measurement framework in which Born probabilities emerge as an average over non-uniform contextual fluctuations, so departures are expected when averaging is incomplete or measurements are combined. Using an exact GTR solution on the extended Bloch sphere, they reproduce the Gallup data reported by Moore (2002) for the Clinton/Gore and Rose/Jackson question pairs. They argue that both data sets are irreducibly non-Hilbertian, that the QQ-equality of [CITE:Wang2014] can also hold for non-Hilbertian models and is therefore not a sufficient test, and that the joint occurrence of order effects and response replicability, which projective quantum models cannot handle, is naturally captured by the GTR model. The work re-describes published aggregate data without new experiments or out-of-sample tests, and the added fluctuation structure makes the model very flexible. For autonomous agents, it suggests Hilbert-space belief models may be only a first approximation when sequential queries interact.",PDF is the arXiv v1 (2015) preprint; journal details (J. Math. Psychol. 79) are to be confirmed (volume/pages).
Busemeyer2018,Busemeyer and Wang (2018),theory and evidence,Abstract,"Busemeyer and Wang (2018) presented Hilbert space multidimensional (HSM) theory, a general account of measurement context effects. A context is the subset of psychological variables a person evaluates on a given occasion; context effects occur when judgements across different, possibly overlapping, contexts cannot be derived from a single joint probability distribution over all variables. HSM represents all variables within a low-dimensional vector space and uses quantum probability to generate the pattern of judgements across contexts, with parameter estimates that the authors argue are simple to interpret. The theory is tested on a new large experiment, with HSM fits compared against Bayesian network fits, supporting its viability. The authors conclude that context effects are broadly applicable in the social and behavioural sciences. A limitation is that model comparison is against one classical family, and dimensionality must be chosen by the modeller. For human–AI teaming, HSM offers a compact way to represent operator judgements collected under varying question subsets.","[CITE:Busemeyer2018] presented Hilbert space multidimensional (HSM) theory, a general account of measurement context effects. A context is the subset of psychological variables a person evaluates on a given occasion; context effects occur when judgements across different, possibly overlapping, contexts cannot be derived from a single joint probability distribution over all variables. HSM represents all variables within a low-dimensional vector space and uses quantum probability to generate the pattern of judgements across contexts, with parameter estimates that the authors argue are simple to interpret. The theory is tested on a new large experiment, with HSM fits compared against Bayesian network fits, supporting its viability. The authors conclude that context effects are broadly applicable in the social and behavioural sciences. A limitation is that model comparison is against one classical family, and dimensionality must be chosen by the modeller. For human–AI teaming, HSM offers a compact way to represent operator judgements collected under varying question subsets.",
Cervantes2018,Cervantes and Dzhafarov (2018),theory and evidence,Abstract,"Cervantes and Dzhafarov (2018) reported what they describe as unambiguous experimental evidence for quantum-like probabilistic contextuality in psychology. Earlier attempts had failed because behavioural data grossly violate marginal selectivity, making traditional quantum-mechanical tests inapplicable. In a crowdsourcing experiment, respondents made two simple choices, one of characters from Andersen's The Snow Queen and one of characteristics such as Kind and Evil, with the design imitating the Bohm version of the Einstein–Podolsky–Rosen/Bell paradigm. Marginal selectivity was violated, showing that the choices directly influenced one another, but the Contextuality-by-Default test, which extends the traditional test to such data, indicated a strong presence of true contextuality not reducible to direct influences. The limitation is that the task is deliberately artificial and the design was engineered to produce contextuality. For autonomous agents, the paper matters because it supplies a rigorous test that separates genuine contextuality from ordinary context-dependent signalling in human responses.","[CITE:Cervantes2018] reported what they describe as unambiguous experimental evidence for quantum-like probabilistic contextuality in psychology. Earlier attempts had failed because behavioural data grossly violate marginal selectivity, making traditional quantum-mechanical tests inapplicable. In a crowdsourcing experiment, respondents made two simple choices, one of characters from Andersen's The Snow Queen and one of characteristics such as Kind and Evil, with the design imitating the Bohm version of the Einstein–Podolsky–Rosen/Bell paradigm. Marginal selectivity was violated, showing that the choices directly influenced one another, but the Contextuality-by-Default test, which extends the traditional test to such data, indicated a strong presence of true contextuality not reducible to direct influences. The limitation is that the task is deliberately artificial and the design was engineered to produce contextuality. For autonomous agents, the paper matters because it supplies a rigorous test that separates genuine contextuality from ordinary context-dependent signalling in human responses.",
Busemeyer2019,Busemeyer et al. (2019),theory and evidence,Full text,"Busemeyer et al. (2019) compare Markov and quantum dynamic models of belief change during evidence monitoring. In the Markov (random-walk) model the belief occupies one point on an evidence scale; in the quantum model it is a superposition over evidence states that evolves unitarily and is collapsed by each rating request, predicting interference between successive ratings. Eleven participants completed about 1000 dot-motion trials each at four coherence levels, giving two probability ratings at pairs of time points across three conditions. Interference was small, significant only at low coherence and for 3 of 11 participants. In a generalisation test (parameters fitted to two conditions, predictions for the third), summed G² differences favoured the quantum model at all coherence levels (350, 306, 260, 40), but against a Markov model with drift-rate variability the quantum model won only at low coherence; the authors conclude that features of both are needed. The sample is small. For autonomous agents, the design is a template for testing whether querying an agent's belief perturbs later updating.","[CITE:Busemeyer2019] compare Markov and quantum dynamic models of belief change during evidence monitoring. In the Markov (random-walk) model the belief occupies one point on an evidence scale; in the quantum model it is a superposition over evidence states that evolves unitarily and is collapsed by each rating request, predicting interference between successive ratings. Eleven participants completed about 1000 dot-motion trials each at four coherence levels, giving two probability ratings at pairs of time points across three conditions. Interference was small, significant only at low coherence and for 3 of 11 participants. In a generalisation test (parameters fitted to two conditions, predictions for the third), summed G² differences favoured the quantum model at all coherence levels (350, 306, 260, 40), but against a Markov model with drift-rate variability the quantum model won only at low coherence; the authors conclude that features of both are needed. The sample is small. For autonomous agents, the design is a template for testing whether querying an agent's belief perturbs later updating.",
Basieva2019,Basieva et al. (2019),theory and evidence,Abstract,"Basieva et al. (2019) addressed whether human judgement systems exhibit true contextuality, as opposed to context-dependence caused by direct causal influences of context on responses. Using Contextuality-by-Default theory, which separates these two sources, they first reanalyse numerous earlier claimed demonstrations of contextuality in human judgement and show that all can be accounted for by direct influences, with no true contextuality present. They then present a series of crowdsourcing experiments on simple decision making, elaborating the design of the Snow Queen study Cervantes and Dzhafarov (2018), and show that these experiments do exhibit true contextuality. The limitation is that the demonstrating tasks are specially constructed, so the prevalence of true contextuality in everyday cognition remains open. For autonomous agents, the work sets a methodological bar: context effects in human data should be tested for direct influences before quantum-like models are claimed to be necessary.","[CITE:Basieva2019] addressed whether human judgement systems exhibit true contextuality, as opposed to context-dependence caused by direct causal influences of context on responses. Using Contextuality-by-Default theory, which separates these two sources, they first reanalyse numerous earlier claimed demonstrations of contextuality in human judgement and show that all can be accounted for by direct influences, with no true contextuality present. They then present a series of crowdsourcing experiments on simple decision making, elaborating the design of the Snow Queen study [CITE:Cervantes2018], and show that these experiments do exhibit true contextuality. The limitation is that the demonstrating tasks are specially constructed, so the prevalence of true contextuality in everyday cognition remains open. For autonomous agents, the work sets a methodological bar: context effects in human data should be tested for direct influences before quantum-like models are claimed to be necessary.",
Busemeyer2020,Busemeyer et al. (2020),theory and evidence,Abstract,"Busemeyer et al. (2020) reviewed how open quantum system models can combine Markov and quantum dynamics in cognition. Markov processes such as random walks have long been used to model choice and decision time, while quantum walk models have recently been introduced for the dynamics of choice and confidence; the authors argue that empirical evidence calls for both. They formulate a quantum–Markov master equation (Lindblad form) in which a weight parameter between 0 and 1 sets the relative contribution of the quantum and Markov components, illustrate it with a 101-dimensional state space for evidence or preference levels, and discuss the challenges of formulating such models, including how to derive choice and response-time predictions. The paper is primarily methodological, with illustrations rather than new experiments. For autonomous agents and human–machine systems, it offers a practical template for decision dynamics that interpolate between classical diffusion and quantum-like oscillation.","[CITE:Busemeyer2020] reviewed how open quantum system models can combine Markov and quantum dynamics in cognition. Markov processes such as random walks have long been used to model choice and decision time, while quantum walk models have recently been introduced for the dynamics of choice and confidence; the authors argue that empirical evidence calls for both. They formulate a quantum–Markov master equation (Lindblad form) in which a weight parameter between 0 and 1 sets the relative contribution of the quantum and Markov components, illustrate it with a 101-dimensional state space for evidence or preference levels, and discuss the challenges of formulating such models, including how to derive choice and response-time predictions. The paper is primarily methodological, with illustrations rather than new experiments. For autonomous agents and human–machine systems, it offers a practical template for decision dynamics that interpolate between classical diffusion and quantum-like oscillation.",
Ozawa2020,Ozawa and Khrennikov (2020),theory and evidence,Abstract,"Ozawa and Khrennikov (2020) responded to a no-go result against quantum models of psychology. The question order effect had been modelled by representing questions as Hermitian observables with orthogonal projectors for the back-action of answering, but this representation cannot also reproduce the response replicability effect, whereby a person repeats an earlier answer to the same question; the no-go result had been extended to atomic quantum instruments, prompting doubts about quantum formalism in psychology. The authors show that both effects can be modelled together within the theory of non-atomic quantum instruments, which generalise projective measurement. The contribution is purely mathematical, with no data fitting. The limitation is that the more general instruments add representational freedom whose psychological interpretation remains to be constrained. For agents interacting with humans, the paper indicates that sequential questioning (order effects plus stable repeated answers) can still be captured with a quantum-instrument measurement model.","[CITE:Ozawa2020] responded to a no-go result against quantum models of psychology. The question order effect had been modelled by representing questions as Hermitian observables with orthogonal projectors for the back-action of answering, but this representation cannot also reproduce the response replicability effect, whereby a person repeats an earlier answer to the same question; the no-go result had been extended to atomic quantum instruments, prompting doubts about quantum formalism in psychology. The authors show that both effects can be modelled together within the theory of non-atomic quantum instruments, which generalise projective measurement. The contribution is purely mathematical, with no data fitting. The limitation is that the more general instruments add representational freedom whose psychological interpretation remains to be constrained. For agents interacting with humans, the paper indicates that sequential questioning (order effects plus stable repeated answers) can still be captured with a quantum-instrument measurement model.",
Yukalov2020,Yukalov (2020),theory and evidence,Abstract,"Yukalov (2020) reviewed the basics of quantum decision theory (QDT) with an emphasis on temporal processes in decision making. The review explains how an operationally testable rational choice between alternatives differs from a choice influenced by irrational feelings, the latter entering through an attraction or quality factor that supplements a utility factor. Quantum–classical correspondence is emphasised, so that QDT reduces to classical decision theory when the quantum term vanishes. The paper also describes a model of a quantum intelligence network, in which decision makers exchange information and their probabilities evolve over time, and argues that dynamic inconsistencies in preferences are resolved within QDT. As a review of the author's own framework, it offers illustrations rather than new empirical tests, and its parameters are largely set by general arguments. For multi-agent systems, the network model is relevant as a formal description of how interacting agents' decision probabilities can converge through information exchange.","[CITE:Yukalov2020] reviewed the basics of quantum decision theory (QDT) with an emphasis on temporal processes in decision making. The review explains how an operationally testable rational choice between alternatives differs from a choice influenced by irrational feelings, the latter entering through an attraction or quality factor that supplements a utility factor. Quantum–classical correspondence is emphasised, so that QDT reduces to classical decision theory when the quantum term vanishes. The paper also describes a model of a quantum intelligence network, in which decision makers exchange information and their probabilities evolve over time, and argues that dynamic inconsistencies in preferences are resolved within QDT. As a review of the author's own framework, it offers illustrations rather than new empirical tests, and its parameters are largely set by general arguments. For multi-agent systems, the network model is relevant as a formal description of how interacting agents' decision probabilities can converge through information exchange.",
Kvam2021,Kvam et al. (2021),theory and evidence,Abstract,"Kvam et al. (2021) investigated how preferences are constructed over time by tracking dynamic changes in preference strength. Across two experiments, they observed that mean preference strength oscillated systematically over time, and that eliciting a choice early strongly affected the later pattern of oscillation: preferences following a choice alternated between being stronger and weaker than those without a prior choice. To account for this, they developed an open system model that merges the dynamics of a Markov random walk with those of quantum processes. The model represents two sources of uncertainty: epistemic uncertainty about the decision maker's state at a given time, and ontic uncertainty about what judgement will be produced when a person in some state is measured. This allows it to capture both the oscillations and the effect of choice on preference formation. A limitation is that the oscillation evidence rests on laboratory preference tasks with aggregated means. For autonomous agents, the work shows how intermediate queries can alter a human's later preference, relevant to interactive elicitation.","[CITE:Kvam2021] investigated how preferences are constructed over time by tracking dynamic changes in preference strength. Across two experiments, they observed that mean preference strength oscillated systematically over time, and that eliciting a choice early strongly affected the later pattern of oscillation: preferences following a choice alternated between being stronger and weaker than those without a prior choice. To account for this, they developed an open system model that merges the dynamics of a Markov random walk with those of quantum processes. The model represents two sources of uncertainty: epistemic uncertainty about the decision maker's state at a given time, and ontic uncertainty about what judgement will be produced when a person in some state is measured. This allows it to capture both the oscillations and the effect of choice on preference formation. A limitation is that the oscillation evidence rests on laboratory preference tasks with aggregated means. For autonomous agents, the work shows how intermediate queries can alter a human's later preference, relevant to interactive elicitation.",
Ozawa2021,Ozawa and Khrennikov (2021),theory and evidence,Full text,"Ozawa and Khrennikov (2021) address a known obstacle for quantum-like models: projective (von Neumann–Lüders) measurement cannot jointly produce the question order effect (QOE) and the response replicability effect (RRE), in which a repeated question receives the same answer even after an intervening question. Working in the general theory of quantum instruments, they construct instruments that simultaneously satisfy QOE, RRE and the QQ-equality of Wang et al. (2014), and they state postulates that generalise the Wang–Busemeyer postulates for quantum-like decision modelling. Applied to the Clinton–Gore Gallup poll data, the model reproduces the statistics closely with a prior belief state that does not depend on question order, and the authors use it to 'correct' the order effect and estimate the underlying opinion distribution. Its empirical content is limited to a single, already published poll, and the instrument construction is a proof of possibility rather than a model selected against alternatives. For autonomous agents, instrument-based updating offers a principled way to represent queries that disturb internal state while still allowing stable repeated answers.","[CITE:Ozawa2021] address a known obstacle for quantum-like models: projective (von Neumann–Lüders) measurement cannot jointly produce the question order effect (QOE) and the response replicability effect (RRE), in which a repeated question receives the same answer even after an intervening question. Working in the general theory of quantum instruments, they construct instruments that simultaneously satisfy QOE, RRE and the QQ-equality of [CITE:Wang2014], and they state postulates that generalise the Wang–Busemeyer postulates for quantum-like decision modelling. Applied to the Clinton–Gore Gallup poll data, the model reproduces the statistics closely with a prior belief state that does not depend on question order, and the authors use it to 'correct' the order effect and estimate the underlying opinion distribution. Its empirical content is limited to a single, already published poll, and the instrument construction is a proof of possibility rather than a model selected against alternatives. For autonomous agents, instrument-based updating offers a principled way to represent queries that disturb internal state while still allowing stable repeated answers.",PDF is arXiv v2 (Dec 2020); journal details (J. Math. Psychol. 100) are to be confirmed (volume/article number).
Pothos2022,Pothos and Busemeyer (2022),review,Abstract,"Pothos and Busemeyer (2022) reviewed quantum cognition for the Annual Review of Psychology. They motivate quantum probability as a set of inference principles suited to cases where inference is contextual, where judgements change the mental state, or where possibilities interfere. The review covers conjunction and disjunction fallacies, the disjunction effect, question order effects, conceptual combination, evidence accumulation, perception, over- and under-distribution in memory, and more, and argues that quantum models formalise ideas previously stated heuristically, unify disparate findings and have produced novel predictions. It also assesses shortcomings and open issues. The survey uses it as the most current authoritative overview of the field.","[CITE:Pothos2022] reviewed quantum cognition for the Annual Review of Psychology. They motivate quantum probability as a set of inference principles suited to cases where inference is contextual, where judgements change the mental state, or where possibilities interfere. The review covers conjunction and disjunction fallacies, the disjunction effect, question order effects, conceptual combination, evidence accumulation, perception, over- and under-distribution in memory, and more, and argues that quantum models formalise ideas previously stated heuristically, unify disparate findings and have produced novel predictions. It also assesses shortcomings and open issues. The survey uses it as the most current authoritative overview of the field.",Full text not in the repository.
Epping2023,Epping et al. (2023),theory and evidence,Abstract,"Epping et al. (2023) extended the open system model of decision making, a hybrid of Markov and quantum random walk dynamics, from preference strength to pairwise choice and response time. Sequential sampling models conventionally follow Kolmogorov axioms (random walks, diffusion), while quantum random walk models have been proposed as an alternative; earlier work found that the hybrid open system model accounted for preference strength better than either pure model Kvam et al. (2021). The authors report a new experiment on preferential choice between gift cards and compare the open system model with pure Markov and pure quantum random walk models using AIC, BIC and chi-squared tests. The pure Markov model was favoured for most participants, but a substantial number required the more complex open system model. The limitation is that the added complexity is justified only for a subset of individuals, which the authors report candidly. For autonomous agents, the result supports hybrid, individually selected decision dynamics rather than assuming quantum-like behaviour across all users.","[CITE:Epping2023] extended the open system model of decision making, a hybrid of Markov and quantum random walk dynamics, from preference strength to pairwise choice and response time. Sequential sampling models conventionally follow Kolmogorov axioms (random walks, diffusion), while quantum random walk models have been proposed as an alternative; earlier work found that the hybrid open system model accounted for preference strength better than either pure model [CITE:Kvam2021]. The authors report a new experiment on preferential choice between gift cards and compare the open system model with pure Markov and pure quantum random walk models using AIC, BIC and chi-squared tests. The pure Markov model was favoured for most participants, but a substantial number required the more complex open system model. The limitation is that the added complexity is justified only for a subset of individuals, which the authors report candidly. For autonomous agents, the result supports hybrid, individually selected decision dynamics rather than assuming quantum-like behaviour across all users.",
Khrennikov2023a,Khrennikov (2023),theory and evidence,Abstract,"Khrennikov (2023) reviewed the application of quantum formalism to model the behaviour of complex biosystems, from genomes and proteins to animals, humans and social systems, stressing that such quantum-like models must be distinguished from genuine quantum physical modelling of biology. Because any isolated biosystem is dead, he argues that biological and mental processes should be modelled with the general theory of open quantum systems, and explains its application through quantum instruments and the quantum master equation. Possible interpretations are discussed, with QBism favoured as the most useful. The paper is conceptual and mathematical, drawing on prior work rather than new data, and its broad scope limits detailed validation. For autonomous agents, it provides the theoretical rationale for treating an agent's decision state as an open system continuously coupled to its environment.","[CITE:Khrennikov2023a] reviewed the application of quantum formalism to model the behaviour of complex biosystems, from genomes and proteins to animals, humans and social systems, stressing that such quantum-like models must be distinguished from genuine quantum physical modelling of biology. Because any isolated biosystem is dead, he argues that biological and mental processes should be modelled with the general theory of open quantum systems, and explains its application through quantum instruments and the quantum master equation. Possible interpretations are discussed, with QBism favoured as the most useful. The paper is conceptual and mathematical, drawing on prior work rather than new data, and its broad scope limits detailed validation. For autonomous agents, it provides the theoretical rationale for treating an agent's decision state as an open system continuously coupled to its environment.",
Khrennikov2023b,Khrennikov (2024),theory and evidence,Full text,"Khrennikov (2024) develops the contextual measurement model (CMM), a general probabilistic framework based on contextual probability spaces that is intended to clarify quantum foundations in line with Bohr's emphasis on experimental contexts. CMM treats probability update as the core operation and is designed to cover classical, quantum and semi-classical measurements within one scheme. The paper shows how Kolmogorov probability, von Neumann projective measurement and quantum-instrument theory can each be framed as special cases of CMM, and gives abstract contextual definitions of the order effect, replicability and response replicability, interference of probabilities (a modified formula of total probability), entanglement and Bell-inequality violation. It also links CMM to the linear space representation used in generalised probability theory. The contribution is purely theoretical, illustrated only with simple examples and not tested against behavioural data. Its relevance to autonomous agents is that it offers a formal vocabulary in which classical, quantum-like and hybrid belief-update rules can be compared, which matters when choosing an update rule for an artificial agent.","[CITE:Khrennikov2023b] develops the contextual measurement model (CMM), a general probabilistic framework based on contextual probability spaces that is intended to clarify quantum foundations in line with Bohr's emphasis on experimental contexts. CMM treats probability update as the core operation and is designed to cover classical, quantum and semi-classical measurements within one scheme. The paper shows how Kolmogorov probability, von Neumann projective measurement and quantum-instrument theory can each be framed as special cases of CMM, and gives abstract contextual definitions of the order effect, replicability and response replicability, interference of probabilities (a modified formula of total probability), entanglement and Bell-inequality violation. It also links CMM to the linear space representation used in generalised probability theory. The contribution is purely theoretical, illustrated only with simple examples and not tested against behavioural data. Its relevance to autonomous agents is that it offers a formal vocabulary in which classical, quantum-like and hybrid belief-update rules can be compared, which matters when choosing an update rule for an artificial agent.",
Waddup2023,Waddup et al. (2023),theory and evidence,Abstract,"Waddup et al. (2023) imported the temporal Bell (Leggett–Garg-type) inequality from physics to test whether recollection alters the information later retrieved from memory. A temporal Bell inequality tests sensitivity to the context of previous measurements in sequential measurement scenarios, as quantum theory predicts. The authors designed a memory paradigm using a novel change judgement, in which participants decide whether there has been a change in a question's answer across different time points of a scenario. Across two experiments, they observed a violation of a temporal Bell inequality in one case, which they interpret as evidence for quantum-like processes in memory. The limitation is that the violation was found in only one case, so the evidence is suggestive rather than conclusive. For autonomous agents, the paradigm illustrates that querying a human's memory may itself change subsequent reports, relevant to repeated situation-awareness probes.","[CITE:Waddup2023] imported the temporal Bell (Leggett–Garg-type) inequality from physics to test whether recollection alters the information later retrieved from memory. A temporal Bell inequality tests sensitivity to the context of previous measurements in sequential measurement scenarios, as quantum theory predicts. The authors designed a memory paradigm using a novel change judgement, in which participants decide whether there has been a change in a question's answer across different time points of a scenario. Across two experiments, they observed a violation of a temporal Bell inequality in one case, which they interpret as evidence for quantum-like processes in memory. The limitation is that the violation was found in only one case, so the evidence is suggestive rather than conclusive. For autonomous agents, the paradigm illustrates that querying a human's memory may itself change subsequent reports, relevant to repeated situation-awareness probes.",
Veloz2024,Veloz and Sobetska (2024),theory and evidence,Full text,"Veloz and Sobetska (2024) examine the conjunction fallacy extensionally, as a set of possible observed facts, rather than asking what causes it. Any conjunction experiment yields a point (P(A), P(B), P(A∧B)) in the unit cube, and they ask which regions of this space the empirical literature has actually sampled. Reviewing 4080 articles citing Tversky and Kahneman (1983) up to 2016, they found 272 with probability-estimate experiments and only 37 that reported all three estimates, yielding 416 data points. These points were distributed very unevenly: single-fallacy cases were well explored, whereas the no-fallacy region and especially the 'double fallacy' (P(A∧B) above both constituents) were rarely probed. The authors argue that explanations of the fallacy, classical and quantum alike, rest on a narrow and biased empirical base, and call for experiments designed to reach unexplored regions. The analysis is descriptive, uses a coarse partition of the cube, and proposes no model. For the survey it cautions that fits of quantum-like conjunction models to agent or human data may reflect limited coverage of possible judgements.","[CITE:Veloz2024] examine the conjunction fallacy extensionally, as a set of possible observed facts, rather than asking what causes it. Any conjunction experiment yields a point (P(A), P(B), P(A∧B)) in the unit cube, and they ask which regions of this space the empirical literature has actually sampled. Reviewing 4080 articles citing [CITE:Tversky1983] up to 2016, they found 272 with probability-estimate experiments and only 37 that reported all three estimates, yielding 416 data points. These points were distributed very unevenly: single-fallacy cases were well explored, whereas the no-fallacy region and especially the 'double fallacy' (P(A∧B) above both constituents) were rarely probed. The authors argue that explanations of the fallacy, classical and quantum alike, rest on a narrow and biased empirical base, and call for experiments designed to reach unexplored regions. The analysis is descriptive, uses a coarse partition of the cube, and proposes no model. For the survey it cautions that fits of quantum-like conjunction models to agent or human data may reflect limited coverage of possible judgements.",
Huang2025a,Huang et al. (2025),theory and evidence,Abstract,"Huang et al. (2025) tackled the reconciliation of Bayesian normative expectations with fallacies in probability judgement. Recent Bayesian accounts attribute fallacies to sampling noise, whereas quantum models invoke different probability rules. The authors argue a framework must incorporate both Bayesian and quantum influences, and must also explain findings beyond any current model. They develop the Quantum Sequential Sampler, which integrates Bayesian and quantum reasoning with a sequential sampling process that maps subjective probability estimates onto observable responses. It is compared with the leading Bayesian Sampler using a new experiment which they describe as producing one of the largest data sets in probabilistic reasoning to date. The empirical tests also revealed a new, systematic overestimation of probabilities. A limitation is the complexity of the combined model and its comparison with a single main classical rival. For AI systems estimating human judgements, it shows how quantum and sampling noise accounts can be combined in one generative model.","[CITE:Huang2025a] tackled the reconciliation of Bayesian normative expectations with fallacies in probability judgement. Recent Bayesian accounts attribute fallacies to sampling noise, whereas quantum models invoke different probability rules. The authors argue a framework must incorporate both Bayesian and quantum influences, and must also explain findings beyond any current model. They develop the Quantum Sequential Sampler, which integrates Bayesian and quantum reasoning with a sequential sampling process that maps subjective probability estimates onto observable responses. It is compared with the leading Bayesian Sampler using a new experiment which they describe as producing one of the largest data sets in probabilistic reasoning to date. The empirical tests also revealed a new, systematic overestimation of probabilities. A limitation is the complexity of the combined model and its comparison with a single main classical rival. For AI systems estimating human judgements, it shows how quantum and sampling noise accounts can be combined in one generative model.",
Huang2025c,Huang et al. (2025),theory and evidence,Full text,"Huang et al. (2025) present, as a conference poster paper, a tutorial example of a 'quantum heuristics toolbox' that encodes fast-and-frugal heuristics as quantum-controlled unitary operations. They focus on the recognition heuristic: a gate controlled by two recognition qubits rotates or flips the target decision state, reproducing the classical deterministic rule when the cues are measured but producing probabilistic choice when the cues remain in superposition; graded judgements are obtained by coupling the operator to a quantum sequential sampler (Huang et al. (2025)). The key claimed advantage over classical probabilistic heuristics is that projective measurement naturally yields hindsight bias in an ABA paradigm, where recognition of a city is judged again after an intervening comparison question, without ad hoc memory assumptions. They outline extensions to interference, order and CHSH-type super-correlation effects in multi-cue reasoning. The paper is short, uses the quantum-circuit formalism only as a modelling language on classical computers, and reports no fitted data. For autonomous agents it suggests a route to bounded-rational, rule-based decision policies expressed in a circuit form compatible with quantum AI.","[CITE:Huang2025c] present, as a conference poster paper, a tutorial example of a 'quantum heuristics toolbox' that encodes fast-and-frugal heuristics as quantum-controlled unitary operations. They focus on the recognition heuristic: a gate controlled by two recognition qubits rotates or flips the target decision state, reproducing the classical deterministic rule when the cues are measured but producing probabilistic choice when the cues remain in superposition; graded judgements are obtained by coupling the operator to a quantum sequential sampler ([CITE:Huang2025a]). The key claimed advantage over classical probabilistic heuristics is that projective measurement naturally yields hindsight bias in an ABA paradigm, where recognition of a city is judged again after an intervening comparison question, without ad hoc memory assumptions. They outline extensions to interference, order and CHSH-type super-correlation effects in multi-cue reasoning. The paper is short, uses the quantum-circuit formalism only as a modelling language on classical computers, and reports no fitted data. For autonomous agents it suggests a route to bounded-rational, rule-based decision policies expressed in a circuit form compatible with quantum AI.","The DOI printed on the PDF (10.1109/QCE65121.2025.10486, first page 642) is truncated; take the full DOI from IEEE Xplore."
Fuyama2025,Fuyama et al. (2025),theory and evidence,Full text,"Fuyama et al. (2025) ask which class of quantum measurements best matches quantum-like models of cognition. Projective measurements, the canonical class in physics, cannot jointly reproduce the question order and response replicability effects, so the authors argue for sharp repeatable non-projective (SRP̄) measurements, a class practically unused in physics. They show that SRP̄ instruments can both satisfy and violate the QQ-equality, which accommodates opinion-poll data that obey it as well as aesthetic-perception data reported to violate it. A central conceptual point is the distinction between two sources of non-classicality: non-commutativity of observables, as in physics, and non-commutativity of the state-update maps induced by measurement back-action. In SRP̄ models the observables can commute while the update maps do not, so order effects need not imply incompatible questions. The work is theoretical and does not fit new data. For autonomous agents it clarifies that 'quantum-like' belief updating can reside in how a query changes the internal state rather than in incompatible representations, which affects how such agents might be designed and tested.","[CITE:Fuyama2025] ask which class of quantum measurements best matches quantum-like models of cognition. Projective measurements, the canonical class in physics, cannot jointly reproduce the question order and response replicability effects, so the authors argue for sharp repeatable non-projective (SRP̄) measurements, a class practically unused in physics. They show that SRP̄ instruments can both satisfy and violate the QQ-equality, which accommodates opinion-poll data that obey it as well as aesthetic-perception data reported to violate it. A central conceptual point is the distinction between two sources of non-classicality: non-commutativity of observables, as in physics, and non-commutativity of the state-update maps induced by measurement back-action. In SRP̄ models the observables can commute while the update maps do not, so order effects need not imply incompatible questions. The work is theoretical and does not fit new data. For autonomous agents it clarifies that 'quantum-like' belief updating can reside in how a query changes the internal state rather than in incompatible representations, which affects how such agents might be designed and tested.",Repository copy: arXiv v1 preprint (March 2025); final journal details to be confirmed.
Asano2026,Asano and Khrennikov (2026),theory and evidence,Full text,"Asano and Khrennikov (2026) review and extend open-system models of cognition based on the Gorini–Kossakowski–Sudarshan–Lindblad (GKSL) master equation, in which the mental state is a density operator that evolves dissipatively through interaction with an informational environment and relaxes to a steady state interpreted as a decision ('decision making through decoherence'). They distinguish 'passive' and 'active' Hamiltonians, treating non-commutation of the Hamiltonian with projections onto the decision basis as a mathematical signature of cognitive agency and of escape from classical equilibria, and they show how such dynamics can stabilise non-Nash outcomes in Prisoner's Dilemma-type games. They further introduce 'cognitive beats', slow modulations produced when competing Liouvillian channels operate at similar frequencies, as a proposed marker of internal deliberation. The paper is theoretical: it cites earlier eye-tracking data but notes that these lacked the temporal resolution to detect beats, and it only sketches possible experiments. For autonomous agents it supplies a continuous-time, dissipative model of deliberation that could inform agents whose commitment to an action should emerge gradually.","[CITE:Asano2026] review and extend open-system models of cognition based on the Gorini–Kossakowski–Sudarshan–Lindblad (GKSL) master equation, in which the mental state is a density operator that evolves dissipatively through interaction with an informational environment and relaxes to a steady state interpreted as a decision ('decision making through decoherence'). They distinguish 'passive' and 'active' Hamiltonians, treating non-commutation of the Hamiltonian with projections onto the decision basis as a mathematical signature of cognitive agency and of escape from classical equilibria, and they show how such dynamics can stabilise non-Nash outcomes in Prisoner's Dilemma-type games. They further introduce 'cognitive beats', slow modulations produced when competing Liouvillian channels operate at similar frequencies, as a proposed marker of internal deliberation. The paper is theoretical: it cites earlier eye-tracking data but notes that these lacked the temporal resolution to detect beats, and it only sketches possible experiments. For autonomous agents it supplies a continuous-time, dissipative model of deliberation that could inform agents whose commitment to an action should emerge gradually.",
Bruza2009,Bruza et al. (2009),theory and evidence,Abstract,"Bruza et al. (2009) took up Nelson and McEvoy's claim that word associations can display 'spooky activation at a distance' and proposed quantum theory as a framework for modelling the human mental lexicon. They focus on results from intralist and extralist cued-recall word association experiments, in which the associative structure around a target word affects its recall. Initial quantum models of these association effects are discussed, and the authors propose experiments capable of testing these models. The contribution is programmatic: the models are exploratory and new tests are proposed rather than conducted. A limitation is therefore the lack of direct empirical discrimination between quantum and classical associative accounts. For language-based AI agents and LLMs, the paper is an early source for the idea that lexical semantics may be non-separable, motivating later quantum-inspired information retrieval and NLP models.","[CITE:Bruza2009] took up Nelson and McEvoy's claim that word associations can display 'spooky activation at a distance' and proposed quantum theory as a framework for modelling the human mental lexicon. They focus on results from intralist and extralist cued-recall word association experiments, in which the associative structure around a target word affects its recall. Initial quantum models of these association effects are discussed, and the authors propose experiments capable of testing these models. The contribution is programmatic: the models are exploratory and new tests are proposed rather than conducted. A limitation is therefore the lack of direct empirical discrimination between quantum and classical associative accounts. For language-based AI agents and LLMs, the paper is an early source for the idea that lexical semantics may be non-separable, motivating later quantum-inspired information retrieval and NLP models.",Title corrected.
Blutner2013,Blutner et al. (2013),theory and evidence,Abstract,"Blutner et al. (2013) studied vagueness, the property of natural concepts with fuzzy boundaries, borderline cases and susceptibility to the sorites paradox. They review experiments on judgements of borderline cases and borderline contradictions, where people accept statements such as 'x is tall and not tall'. They first propose a classical probabilistic model, based on a Hopfield network for predicting truth values, that extends Alxatib and Pelletier's analysis, and show that it falls short of covering the relevant empirical results. They then replace standard probabilities with quantum probabilities, so that borderline contradictions are explained as an interference phenomenon. The work is largely theoretical, applied to existing experimental findings rather than new data. For language-grounded agents and LLMs, it offers a formal account of why vague predicates yield contradictory yet acceptable descriptions near category boundaries.","[CITE:Blutner2013] studied vagueness, the property of natural concepts with fuzzy boundaries, borderline cases and susceptibility to the sorites paradox. They review experiments on judgements of borderline cases and borderline contradictions, where people accept statements such as 'x is tall and not tall'. They first propose a classical probabilistic model, based on a Hopfield network for predicting truth values, that extends Alxatib and Pelletier's analysis, and show that it falls short of covering the relevant empirical results. They then replace standard probabilities with quantum probabilities, so that borderline contradictions are explained as an interference phenomenon. The work is largely theoretical, applied to existing experimental findings rather than new data. For language-grounded agents and LLMs, it offers a formal account of why vague predicates yield contradictory yet acceptable descriptions near category boundaries.",
Pothos2013b,Pothos et al. (2013),theory and evidence,Abstract,"Pothos et al. (2013) revisited Tversky's (1977) demonstrations that similarity judgements violate symmetry and the triangle inequality and show context effects, which undermine geometric models of similarity. They propose a quantum geometric model in which concepts are subspaces and similarity is a quantum probability, computed from sequential projections. Asymmetries then emerge as order effects, while violations of the triangle equality and the diagnosticity effect relate to context-dependent properties of quantum probability. The model thus retains a geometric representation while addressing several of Tversky's main findings, and the authors discuss implications for similarity theory in general. The work is primarily theoretical, reproducing established empirical patterns rather than fitting new data. For AI and embedding-based agents, it shows how vector representations can yield asymmetric, context-sensitive similarity, relevant to retrieval and categorisation.","[CITE:Pothos2013b] revisited Tversky's (1977) demonstrations that similarity judgements violate symmetry and the triangle inequality and show context effects, which undermine geometric models of similarity. They propose a quantum geometric model in which concepts are subspaces and similarity is a quantum probability, computed from sequential projections. Asymmetries then emerge as order effects, while violations of the triangle equality and the diagnosticity effect relate to context-dependent properties of quantum probability. The model thus retains a geometric representation while addressing several of Tversky's main findings, and the authors discuss implications for similarity theory in general. The work is primarily theoretical, reproducing established empirical patterns rather than fitting new data. For AI and embedding-based agents, it shows how vector representations can yield asymmetric, context-sensitive similarity, relevant to retrieval and categorisation.",
Trueblood2017b,Trueblood and Hemmer (2017),theory and evidence,Abstract,"Trueblood and Hemmer (2017) addressed two memory phenomena: over-distribution, where acceptance probabilities across mutually exclusive conditions violate the disjunction rule, and subadditivity, where probabilities across exclusive and exhaustive instruction conditions sum to more than one. Signal-detection theory struggles with both, and the dual-trace over-distribution (OD) model explains only over-distribution. They propose the Generalized Quantum Episodic Memory (GQEM) model, extending the Quantum Episodic Memory model of Brainerd, Wang and Reyna (2013). GQEM is compared with OD using data from a novel item-memory experiment and a previously published source-memory experiment (Kellen, Singmann and Klauer, 2014). Using best-fit parameters, the authors show that GQEM also accounts for subadditivity. A limitation is the restricted set of paradigms and a single main classical comparison. For agents relying on human testimony, the work formalises why people endorse mutually exclusive recollections.","[CITE:Trueblood2017b] addressed two memory phenomena: over-distribution, where acceptance probabilities across mutually exclusive conditions violate the disjunction rule, and subadditivity, where probabilities across exclusive and exhaustive instruction conditions sum to more than one. Signal-detection theory struggles with both, and the dual-trace over-distribution (OD) model explains only over-distribution. They propose the Generalized Quantum Episodic Memory (GQEM) model, extending the Quantum Episodic Memory model of Brainerd, Wang and Reyna (2013). GQEM is compared with OD using data from a novel item-memory experiment and a previously published source-memory experiment (Kellen, Singmann and Klauer, 2014). Using best-fit parameters, the authors show that GQEM also accounts for subadditivity. A limitation is the restricted set of paradigms and a single main classical comparison. For agents relying on human testimony, the work formalises why people endorse mutually exclusive recollections.",
Busemeyer2025,Busemeyer et al. (2025),theory and evidence,Full text,"Busemeyer et al. (2025) consider how quantum models of judgement can incorporate episodic memory of one's own recent responses, which a Bayesian model treats as uninformative but which empirically influences later judgements. They review system-plus-environment (indirect measurement) representations and quantum instruments, and then compare three models against a puzzling combination of findings: repeated answers in AA paradigms, question order effects that obey the QQ-equality in AB/BA designs, and the response replicability effect in ABA designs. The models are the Ozawa–Khrennikov instrument account (Ozawa and Khrennikov (2021)), Busemeyer's system-plus-environment account with an explicit memory-recall operation, and a new reformulation of the latter in instrument terms. The comparison is analytical: the accounts differ in whether order effects arise from non-commuting projections or from belief updates by person 'types', and in whether participants must always repeat their earlier answer. No new data are fitted, and the authors note that the empirical ABA evidence is itself contested. For autonomous agents the work is relevant to how an agent's record of its own past outputs should enter subsequent belief updates.","[CITE:Busemeyer2025] consider how quantum models of judgement can incorporate episodic memory of one's own recent responses, which a Bayesian model treats as uninformative but which empirically influences later judgements. They review system-plus-environment (indirect measurement) representations and quantum instruments, and then compare three models against a puzzling combination of findings: repeated answers in AA paradigms, question order effects that obey the QQ-equality in AB/BA designs, and the response replicability effect in ABA designs. The models are the Ozawa–Khrennikov instrument account ([CITE:Ozawa2021]), Busemeyer's system-plus-environment account with an explicit memory-recall operation, and a new reformulation of the latter in instrument terms. The comparison is analytical: the accounts differ in whether order effects arise from non-commuting projections or from belief updates by person 'types', and in whether participants must always repeat their earlier answer. No new data are fitted, and the authors note that the empirical ABA evidence is itself contested. For autonomous agents the work is relevant to how an agent's record of its own past outputs should enter subsequent belief updates.",Repository copy: arXiv v1 preprint; final journal details to be confirmed.
Costello2014,Costello and Watts (2014),theory and evidence,Abstract,"Costello and Watts (2014) challenged the view that systematic biases in probability judgement show that people use heuristics rather than probability theory. They propose that people reason according to probability theory but subject to random noise in the reasoning process, and show that the effect of noise cancels for certain probabilistic expressions. Analysing data from two experiments, they find that for these expressions people's judgements are strikingly close to those required by probability theory, whereas for other expressions noise produces systematic biases. The account explains four reliable biases: conservatism, subadditivity, and the conjunction and disjunction fallacies. The limitation, from the survey's perspective, is that the model does not address all phenomena targeted by quantum models, such as order effects in sequential questions. It matters here as the principal classical rival to quantum-like accounts of judgement, providing a benchmark that any agent-side model of human probability errors should be compared against.","[CITE:Costello2014] challenged the view that systematic biases in probability judgement show that people use heuristics rather than probability theory. They propose that people reason according to probability theory but subject to random noise in the reasoning process, and show that the effect of noise cancels for certain probabilistic expressions. Analysing data from two experiments, they find that for these expressions people's judgements are strikingly close to those required by probability theory, whereas for other expressions noise produces systematic biases. The account explains four reliable biases: conservatism, subadditivity, and the conjunction and disjunction fallacies. The limitation, from the survey's perspective, is that the model does not address all phenomena targeted by quantum models, such as order effects in sequential questions. It matters here as the principal classical rival to quantum-like accounts of judgement, providing a benchmark that any agent-side model of human probability errors should be compared against.","Crossref confirms 121(3), 463–480."
Aaronson2015,Aaronson (2015),background,Abstract,"Aaronson (2015) is a Nature Physics commentary on quantum machine learning algorithms that promise exponential speed-ups for tasks such as clustering and pattern finding. Aaronson argues that such speed-ups depend on fine print, including how data are loaded into quantum states and what can be read out. This review cites it as a caution that separates claims of quantum hardware advantage from the quantum-like cognitive models that run on classical computers.","[CITE:Aaronson2015] is a Nature Physics commentary on quantum machine learning algorithms that promise exponential speed-ups for tasks such as clustering and pattern finding. Aaronson argues that such speed-ups depend on fine print, including how data are loaded into quantum states and what can be read out. This review cites it as a caution that separates claims of quantum hardware advantage from the quantum-like cognitive models that run on classical computers.",
BoyerKassem2016,Boyer-Kassem et al. (2016),theory and evidence,Abstract,"Boyer-Kassem et al. (2016) investigated the empirical adequacy of the major quantum-like models of the conjunction fallacy, in which people judge a conjunction more probable than one of its conjuncts. They focus on models that represent beliefs with quantum states and argue that these can be tested in three different ways, including in a question order effect configuration that differs from the traditional conjunction fallacy experiment. They then run the proposed experiment using methodologies from experimental economics. The results are at odds with the predictions of the quantum-like models, which the authors take as strong evidence that this account of the conjunction fallacy fails; future research paths are discussed. A limitation is that the critique targets a specific class of projective quantum-like models, leaving other quantum accounts, such as emergence-based models Aerts et al. (2017), less directly tested. For the survey, it is a key empirical critique that tempers claims of quantum-like explanations for judgement fallacies.","[CITE:BoyerKassem2016] investigated the empirical adequacy of the major quantum-like models of the conjunction fallacy, in which people judge a conjunction more probable than one of its conjuncts. They focus on models that represent beliefs with quantum states and argue that these can be tested in three different ways, including in a question order effect configuration that differs from the traditional conjunction fallacy experiment. They then run the proposed experiment using methodologies from experimental economics. The results are at odds with the predictions of the quantum-like models, which the authors take as strong evidence that this account of the conjunction fallacy fails; future research paths are discussed. A limitation is that the critique targets a specific class of projective quantum-like models, leaving other quantum accounts, such as emergence-based models [CITE:Aerts2017], less directly tested. For the survey, it is a key empirical critique that tempers claims of quantum-like explanations for judgement fallacies.",
Dzhafarov2016b,Dzhafarov et al. (2016),theory and evidence,Abstract,"Dzhafarov et al. (2016) asked whether behavioural and social systems genuinely exhibit contextuality. Most relevant experiments involve cyclic systems with binary outcomes, analogous to Klyachko–Can–Binicioglu–Shumovsky, EPR–Bell and Leggett–Garg systems in physics. Using Contextuality-by-Default theory, which defines and measures contextuality even when measurements are context-dependent, they derive necessary and sufficient non-contextuality conditions for cyclic binary systems. Reviewing datasets on opinion polls, visual illusions, conjoint choices, word combinations and psychophysical matching, they found no evidence of contextuality. They hypothesise that behavioural and social systems are non-contextual, with apparent contextual effects arising because response distributions depend on context elements beyond those targeted. The limitation is that the conclusion rests on the datasets reviewed; later experiments Cervantes and Dzhafarov (2018) reported true contextuality. For the survey, this is a key critique warning against over-interpreting context effects in human data as quantum.","[CITE:Dzhafarov2016b] asked whether behavioural and social systems genuinely exhibit contextuality. Most relevant experiments involve cyclic systems with binary outcomes, analogous to Klyachko–Can–Binicioglu–Shumovsky, EPR–Bell and Leggett–Garg systems in physics. Using Contextuality-by-Default theory, which defines and measures contextuality even when measurements are context-dependent, they derive necessary and sufficient non-contextuality conditions for cyclic binary systems. Reviewing datasets on opinion polls, visual illusions, conjoint choices, word combinations and psychophysical matching, they found no evidence of contextuality. They hypothesise that behavioural and social systems are non-contextual, with apparent contextual effects arising because response distributions depend on context elements beyond those targeted. The limitation is that the conclusion rests on the datasets reviewed; later experiments [CITE:Cervantes2018] reported true contextuality. For the survey, this is a key critique warning against over-interpreting context effects in human data as quantum.",
Moreira2017b,Moreira and Wichert (2017),theory and evidence,Full text,"Moreira and Wichert (2017) ask whether quantum projection models of question order effects genuinely require quantum principles. Using the Clinton–Gore Gallup poll reported by Moore (2002), they compare a quantum projection model, in which order effects arise from rotating the basis between non-commuting questions, with a classical projection model built in a real-valued vector space. They show that the quantum model reproduces the order effects by varying a rotation parameter, but that quantum interference plays no role in the computed probabilities, so the classical projection model achieves the same results; on grounds of parsimony, the classical model should therefore be preferred unless interference is needed. They also propose a 'relativistic' interpretation of the rotation parameters as reflecting uncertainty about a personal basis state, the world and the question context, rather than similarity between questions. The analysis is confined to a two-dimensional model and a single published data set. For autonomous agents, it is a reminder that geometric, order-sensitive belief representations need not involve complex amplitudes, which simplifies implementation.","[CITE:Moreira2017b] ask whether quantum projection models of question order effects genuinely require quantum principles. Using the Clinton–Gore Gallup poll reported by Moore (2002), they compare a quantum projection model, in which order effects arise from rotating the basis between non-commuting questions, with a classical projection model built in a real-valued vector space. They show that the quantum model reproduces the order effects by varying a rotation parameter, but that quantum interference plays no role in the computed probabilities, so the classical projection model achieves the same results; on grounds of parsimony, the classical model should therefore be preferred unless interference is needed. They also propose a 'relativistic' interpretation of the rotation parameters as reflecting uncertainty about a personal basis state, the world and the question context, rather than similarity between questions. The analysis is confined to a two-dimensional model and a single published data set. For autonomous agents, it is a reminder that geometric, order-sensitive belief representations need not involve complex amplitudes, which simplifies implementation.",Page numbers to be confirmed.
Busemeyer2017b,Busemeyer and Wang (2017),theory and evidence,Abstract,"Busemeyer and Wang (2017) responded to a published claim that quantum models of psychological measurement face a problem: if questions are incompatible, an intermediate measurement B should disturb an initial measurement A, and critics argued that people would instead remain consistent when A is repeated. The authors tested the quantum prediction with an 'ABA' design, in which an opinion question A is asked, followed by B, then A again. The study recruited 325 participants from Amazon Mechanical Turk and used 12 pairs of opinion questions, with responses on a 0–100 scale. Participants showed moderate opinion changes between repeated A measurements, and the pattern of correlations across the question pairs was consistent with quantum model predictions, contrary to the earlier sceptical claim. A limitation is reliance on online opinion ratings rather than consequential decisions. For human–AI teaming, it shows that intermediate queries can measurably shift a person's later responses.","[CITE:Busemeyer2017b] responded to a published claim that quantum models of psychological measurement face a problem: if questions are incompatible, an intermediate measurement B should disturb an initial measurement A, and critics argued that people would instead remain consistent when A is repeated. The authors tested the quantum prediction with an 'ABA' design, in which an opinion question A is asked, followed by B, then A again. The study recruited 325 participants from Amazon Mechanical Turk and used 12 pairs of opinion questions, with responses on a 0–100 scale. Participants showed moderate opinion changes between repeated A measurements, and the pattern of correlations across the question pairs was consistent with quantum model predictions, contrary to the earlier sceptical claim. A limitation is reliance on online opinion ratings rather than consequential decisions. For human–AI teaming, it shows that intermediate queries can measurably shift a person's later responses.",
Kellen2018,Kellen et al. (2018),theory and evidence,Abstract,"Kellen et al. (2018) examined whether the question order effects that have been presented as signatures of quantum probability, in particular the mirrored pattern captured by the QQ equality Wang et al. (2014), genuinely require a quantum account. The authors show that classical-probability models, in which order affects the process that generates responses, can also produce mirrored order effects and satisfy the QQ constraint. They thereby argue that such patterns do not uniquely discriminate quantum from classical explanations. The work is a modelling critique drawing on existing order-effect data rather than a new large experiment. Its limitation is that it establishes the possibility of classical accounts rather than showing they are preferable on all criteria. For the survey, it is an important caution that quantum-like signatures in human data must be compared against suitably flexible classical baselines before being used to justify quantum-like agent models.","[CITE:Kellen2018] examined whether the question order effects that have been presented as signatures of quantum probability, in particular the mirrored pattern captured by the QQ equality [CITE:Wang2014], genuinely require a quantum account. The authors show that classical-probability models, in which order affects the process that generates responses, can also produce mirrored order effects and satisfy the QQ constraint. They thereby argue that such patterns do not uniquely discriminate quantum from classical explanations. The work is a modelling critique drawing on existing order-effect data rather than a new large experiment. Its limitation is that it establishes the possibility of classical accounts rather than showing they are preferable on all criteria. For the survey, it is an important caution that quantum-like signatures in human data must be compared against suitably flexible classical baselines before being used to justify quantum-like agent models.","Crossref gives 5(4), 323–338. Summary not yet checked against the source."
Costello2018,Costello and Watts (2018),theory and evidence,Abstract,"Costello and Watts (2018) discussed three invariants or identities reported in people's probabilistic reasoning: the QQ identity, the addition law identity and the Bayes rule identity. Each represents agreement with normative probability theory, and strikingly these identities appear to hold in the same judgements that show strong, systematic biases against probability theory. The QQ identity had been proposed as evidence for quantum probability models of order effects Wang et al. (2014). The authors examine these invariants within their probability-theory-plus-noise account Costello and Watts (2014), arguing that noisy application of classical probability explains why the identities hold despite the biases. The limitation is that the argument concerns aggregate identities and does not settle every phenomenon addressed by quantum models. For the survey, it shows that a key quantum signature can also be predicted by a classical noisy-reasoning model.","[CITE:Costello2018] discussed three invariants or identities reported in people's probabilistic reasoning: the QQ identity, the addition law identity and the Bayes rule identity. Each represents agreement with normative probability theory, and strikingly these identities appear to hold in the same judgements that show strong, systematic biases against probability theory. The QQ identity had been proposed as evidence for quantum probability models of order effects [CITE:Wang2014]. The authors examine these invariants within their probability-theory-plus-noise account [CITE:Costello2014], arguing that noisy application of classical probability explains why the identities hold despite the biases. The limitation is that the argument concerns aggregate identities and does not settle every phenomenon addressed by quantum models. For the survey, it shows that a key quantum signature can also be predicted by a classical noisy-reasoning model.",Only the first part of the abstract could be read; check the paper's conclusions on the QQ identity.
Tang2019,Tang (2019),background,Full text,"Tang (2019) gives a classical 'dequantised' analogue of the Kerenidis–Prakash quantum recommendation algorithm: assuming a data structure that supports ℓ2-norm sampling, it samples from a low-rank approximation of an m × n preference matrix in time polynomial in the rank and logarithmic in the matrix dimensions. This removed the claimed exponential quantum speed-up. This review cites it to define 'quantum-inspired' classical algorithms and to temper claims of quantum advantage.","[CITE:Tang2019] gives a classical 'dequantised' analogue of the Kerenidis–Prakash quantum recommendation algorithm: assuming a data structure that supports ℓ2-norm sampling, it samples from a low-rank approximation of an m × n preference matrix in time polynomial in the rank and logarithmic in the matrix dimensions. This removed the claimed exponential quantum speed-up. This review cites it to define 'quantum-inspired' classical algorithms and to temper claims of quantum advantage.",ArXiv id corrected to 1807.04271 (1811.04271 is an unrelated paper); the PDF confirms 1807.04271v3.
Moreira2014,Moreira and Wichert (2014),application,Abstract,"Moreira and Wichert (2014) argued that classical probabilistic graphical models cannot fully simulate human decision making, because people rely on limited data and heuristics that lead to violations of the law of total probability. Drawing on findings that quantum probability can describe such decisions, with thoughts treated as superposed waves that interfere before a choice, they proposed a quantum-like Bayesian network for computer science, which they describe as the first such probabilistic system in that field. In the network, classical probabilities are replaced by quantum amplitudes, so that inference over unobserved variables includes interference terms. The authors tested the approach on two well-known Bayesian networks from the literature. The results showed that the quantum-like network can drastically change probabilistic inferences when uncertainty is very high, that is, when no evidence is observed, whereas under low uncertainty it collapses to its classical counterpart. All computation runs on classical hardware. A limitation is that the evaluation uses textbook networks rather than human data, and the interference phases are free parameters without a principled setting, a problem later addressed by similarity and balance heuristics Moreira and Wichert (2016) Wichert et al. (2020). For autonomous agents, the paper establishes the basic mechanism by which a graphical belief model can depart from classical inference precisely when evidence is scarce.","[CITE:Moreira2014] argued that classical probabilistic graphical models cannot fully simulate human decision making, because people rely on limited data and heuristics that lead to violations of the law of total probability. Drawing on findings that quantum probability can describe such decisions, with thoughts treated as superposed waves that interfere before a choice, they proposed a quantum-like Bayesian network for computer science, which they describe as the first such probabilistic system in that field. In the network, classical probabilities are replaced by quantum amplitudes, so that inference over unobserved variables includes interference terms. The authors tested the approach on two well-known Bayesian networks from the literature. The results showed that the quantum-like network can drastically change probabilistic inferences when uncertainty is very high, that is, when no evidence is observed, whereas under low uncertainty it collapses to its classical counterpart. All computation runs on classical hardware. A limitation is that the evaluation uses textbook networks rather than human data, and the interference phases are free parameters without a principled setting, a problem later addressed by similarity and balance heuristics [CITE:Moreira2016] [CITE:Wichert2020]. For autonomous agents, the paper establishes the basic mechanism by which a graphical belief model can depart from classical inference precisely when evidence is scarce.",
Moreira2016,Moreira and Wichert (2016),application,Abstract,"Moreira and Wichert (2016) proposed a quantum-like Bayesian network (QLBN) to accommodate paradoxical findings that violate Savage's sure-thing principle, such as the disjunction effect. The network keeps the directed-graph structure of a classical Bayesian network but replaces classical probabilities with quantum probability amplitudes, so that marginalising over an unobserved node produces interference terms. Because such networks suffer from exponential growth in the number of quantum phase parameters, the authors introduce a similarity heuristic that sets the phases automatically from vector similarities between the states involved. This, they argue, makes the model general and predictive, whereas earlier quantum models were explanatory only and did not generalise to more complex decision scenarios. The model is evaluated against published experimental results from the Prisoner's Dilemma game (five studies) and the Two-Stage Gambling game (three studies), where it approximates the observed violations. A limitation is that the heuristic's psychological justification is weak and predictions depend on how states are embedded as vectors; the evaluation also relies on aggregate data from a small set of classic paradigms. All computation runs on classical hardware. For autonomous agents, the QLBN offers a graph-based inference engine able to reproduce human-like deviations from Bayesian updating, which is useful for modelling human partners' choices under uncertainty.","[CITE:Moreira2016] proposed a quantum-like Bayesian network (QLBN) to accommodate paradoxical findings that violate Savage's sure-thing principle, such as the disjunction effect. The network keeps the directed-graph structure of a classical Bayesian network but replaces classical probabilities with quantum probability amplitudes, so that marginalising over an unobserved node produces interference terms. Because such networks suffer from exponential growth in the number of quantum phase parameters, the authors introduce a similarity heuristic that sets the phases automatically from vector similarities between the states involved. This, they argue, makes the model general and predictive, whereas earlier quantum models were explanatory only and did not generalise to more complex decision scenarios. The model is evaluated against published experimental results from the Prisoner's Dilemma game (five studies) and the Two-Stage Gambling game (three studies), where it approximates the observed violations. A limitation is that the heuristic's psychological justification is weak and predictions depend on how states are embedded as vectors; the evaluation also relies on aggregate data from a small set of classic paradigms. All computation runs on classical hardware. For autonomous agents, the QLBN offers a graph-based inference engine able to reproduce human-like deviations from Bayesian updating, which is useful for modelling human partners' choices under uncertainty.",
Moreira2017a,Moreira (2017),application,Abstract,"Moreira (2017) is Catarina Moreira's doctoral thesis at Instituto Superior Técnico, which brings together her work with Andreas Wichert on quantum probabilistic graphical models for cognition and decision. The thesis develops quantum-like Bayesian networks, in which classical probabilities are replaced by quantum amplitudes so that interference terms arise during inference, and addresses the problem of setting the resulting phase parameters, including through heuristic approaches. It applies these models to paradoxical decision findings, notably violations of the sure-thing principle in the Prisoner's Dilemma and two-stage gambling paradigms, building on the published papers Moreira and Wichert (2014) and Moreira and Wichert (2016). All models are quantum-like, implemented on classical computers. Its limitations mirror those of the constituent papers: evaluation on a small set of classic paradigms with aggregate data, and parameter-setting heuristics with limited psychological grounding. For autonomous agents, the thesis is the most complete single reference on quantum-like graphical models, which are the natural bridge between human-like probabilistic reasoning and the Bayesian-network machinery used in robotics and AI decision support.","[CITE:Moreira2017a] is Catarina Moreira's doctoral thesis at Instituto Superior Técnico, which brings together her work with Andreas Wichert on quantum probabilistic graphical models for cognition and decision. The thesis develops quantum-like Bayesian networks, in which classical probabilities are replaced by quantum amplitudes so that interference terms arise during inference, and addresses the problem of setting the resulting phase parameters, including through heuristic approaches. It applies these models to paradoxical decision findings, notably violations of the sure-thing principle in the Prisoner's Dilemma and two-stage gambling paradigms, building on the published papers [CITE:Moreira2014] and [CITE:Moreira2016]. All models are quantum-like, implemented on classical computers. Its limitations mirror those of the constituent papers: evaluation on a small set of classic paradigms with aggregate data, and parameter-setting heuristics with limited psychological grounding. For autonomous agents, the thesis is the most complete single reference on quantum-like graphical models, which are the natural bridge between human-like probabilistic reasoning and the Bayesian-network machinery used in robotics and AI decision support.",Author corrected: Catarina Moreira (not 'P.C. Moreira'). Summary not yet checked against the source; confirm the scope and title of the thesis.
Moreira2020b,Moreira et al. (2020),application,Abstract,"Moreira et al. (2020) proposed a framework for describing the probabilistic nature of decision making by extending quantum-like Bayesian networks with the notion of maximum expected utility, forming quantum-like influence diagrams. The key idea is that quantum interference effects produced during inference in the quantum-like Bayesian network alter the probabilities used to compute the expected utility of each decision, allowing the model to represent paradoxical, sub-optimal and irrational choices. The authors report that the model can predict the probability distributions found in different experiments from the literature by modelling uncertainty through interference; can identify decisions that decision makers perceive as optimal within their belief space but that are irrational with respect to expected utility theory; and can show how a decision maker's beliefs evolve within a scenario. The model runs on classical hardware and is evaluated against published experimental data rather than new studies. A limitation is that interference parameters must still be set or fitted and the tested scenarios are classic laboratory paradigms. The authors highlight implications for decision support systems handling human data. For autonomous agents, influence diagrams are directly usable in planning, so this model offers a practical path to embedding human-like utility distortions in agent decision support.","[CITE:Moreira2020b] proposed a framework for describing the probabilistic nature of decision making by extending quantum-like Bayesian networks with the notion of maximum expected utility, forming quantum-like influence diagrams. The key idea is that quantum interference effects produced during inference in the quantum-like Bayesian network alter the probabilities used to compute the expected utility of each decision, allowing the model to represent paradoxical, sub-optimal and irrational choices. The authors report that the model can predict the probability distributions found in different experiments from the literature by modelling uncertainty through interference; can identify decisions that decision makers perceive as optimal within their belief space but that are irrational with respect to expected utility theory; and can show how a decision maker's beliefs evolve within a scenario. The model runs on classical hardware and is evaluated against published experimental data rather than new studies. A limitation is that interference parameters must still be set or fitted and the tested scenarios are classic laboratory paradigms. The authors highlight implications for decision support systems handling human data. For autonomous agents, influence diagrams are directly usable in planning, so this model offers a practical path to embedding human-like utility distortions in agent decision support.",
Wichert2020,Wichert et al. (2020),application,Abstract,"Wichert et al. (2020) addressed a weakness of quantum-like Bayesian networks: inference relies on a Bayes normalisation factor to turn interference-affected likelihoods into probabilities, an operation with unclear interpretation that produces extremely skewed intensity waves and makes it hard to predict irrational decisions. The authors propose the law of balance, a formalism in which the intensity waves produced by quantum interference are balanced so that they cancel during normalisation. On this representation they add the law of maximum uncertainty, which predicts paradoxical choices by selecting the wave amplitudes with the highest entropy, thereby removing free phase parameters. The authors report that the two laws together accurately predict experiments showing paradoxical or irrational decisions in the Prisoner's Dilemma game and the Two-Stage Gambling game. The approach runs entirely on classical computers. A limitation is that validation is confined to these two classic paradigms and to aggregate probabilities, and the maximum-entropy choice is a modelling assumption rather than an empirically derived one. The paper is also somewhat technical in its notation. For autonomous agents, parameter-free prediction of human deviations from classical probability is attractive, because an agent could anticipate a partner's choices without fitting phases to each new situation.","[CITE:Wichert2020] addressed a weakness of quantum-like Bayesian networks: inference relies on a Bayes normalisation factor to turn interference-affected likelihoods into probabilities, an operation with unclear interpretation that produces extremely skewed intensity waves and makes it hard to predict irrational decisions. The authors propose the law of balance, a formalism in which the intensity waves produced by quantum interference are balanced so that they cancel during normalisation. On this representation they add the law of maximum uncertainty, which predicts paradoxical choices by selecting the wave amplitudes with the highest entropy, thereby removing free phase parameters. The authors report that the two laws together accurately predict experiments showing paradoxical or irrational decisions in the Prisoner's Dilemma game and the Two-Stage Gambling game. The approach runs entirely on classical computers. A limitation is that validation is confined to these two classic paradigms and to aggregate probabilities, and the maximum-entropy choice is a modelling assumption rather than an empirically derived one. The paper is also somewhat technical in its notation. For autonomous agents, parameter-free prediction of human deviations from classical probability is attractive, because an agent could anticipate a partner's choices without fitting phases to each new situation.",
She2021,She et al. (2021),application,Abstract,"She et al. (2021) addressed multi-attribute decision making (MADM), where conventional methods assume that attributes are independent even though they often interact. The authors propose a MADM model in which interference effects between attributes are represented with a quantum-like Bayesian network, following the view that quantum probability better reflects human cognition. The magnitude of interference is expressed by an interference value that is calculated using belief entropy, a measure from evidence theory, rather than being fitted freely. The model is applied to an assessment of industrial economic benefit, where the authors report better predictive capability than classical Bayesian network approaches. The method is quantum-like and runs on classical computers. A limitation is that evaluation rests on a single application domain, and it is not clear that the interference captured corresponds to human cognitive interference rather than statistical dependence among attributes. For autonomous systems, the paper illustrates how quantum-like interference terms are being carried from cognitive modelling into engineering decision support, where attributes are correlated and uncertain.","[CITE:She2021] addressed multi-attribute decision making (MADM), where conventional methods assume that attributes are independent even though they often interact. The authors propose a MADM model in which interference effects between attributes are represented with a quantum-like Bayesian network, following the view that quantum probability better reflects human cognition. The magnitude of interference is expressed by an interference value that is calculated using belief entropy, a measure from evidence theory, rather than being fitted freely. The model is applied to an assessment of industrial economic benefit, where the authors report better predictive capability than classical Bayesian network approaches. The method is quantum-like and runs on classical computers. A limitation is that evaluation rests on a single application domain, and it is not clear that the interference captured corresponds to human cognitive interference rather than statistical dependence among attributes. For autonomous systems, the paper illustrates how quantum-like interference terms are being carried from cognitive modelling into engineering decision support, where attributes are correlated and uncertain.",
Meghdadi2022,Meghdadi et al. (2022),application,Abstract,"Meghdadi et al. (2022) proposed a quantum-like cognitive framework for modelling biased human selection behaviour, arguing that choices usually labelled irrational can be treated as systematically biased by emotion and past experience. Their model, a Biased Entangled Quantum-like Bayesian Network (BEQBN), simulates society as a quantum system: decision makers are represented within an entangled quantum-like Bayesian network, and phase parameters together with bias potential functions encode emotional influences and prior experience. The model runs on classical computers and is evaluated on two empirical decision tasks drawn from the literature, including the Prisoner's Dilemma. The authors report a root-mean-square error of 3.4 on the Prisoner's Dilemma task, ranking first when compared with classical Bayesian networks and six other quantum-like models, and superior predictive performance across both equal and unequal probability scenarios. A limitation is that the bias functions add parameters whose psychological meaning is only loosely constrained, and the evaluation relies on a small number of aggregate datasets from classic paradigms, raising a risk of over-fitting. The comparison set, though broad, is drawn from the same family of quantum-like models. For multi-agent and human–robot systems, the explicit bias terms offer a route to modelling how affect and history shape a human partner's choices.","[CITE:Meghdadi2022] proposed a quantum-like cognitive framework for modelling biased human selection behaviour, arguing that choices usually labelled irrational can be treated as systematically biased by emotion and past experience. Their model, a Biased Entangled Quantum-like Bayesian Network (BEQBN), simulates society as a quantum system: decision makers are represented within an entangled quantum-like Bayesian network, and phase parameters together with bias potential functions encode emotional influences and prior experience. The model runs on classical computers and is evaluated on two empirical decision tasks drawn from the literature, including the Prisoner's Dilemma. The authors report a root-mean-square error of 3.4 on the Prisoner's Dilemma task, ranking first when compared with classical Bayesian networks and six other quantum-like models, and superior predictive performance across both equal and unequal probability scenarios. A limitation is that the bias functions add parameters whose psychological meaning is only loosely constrained, and the evaluation relies on a small number of aggregate datasets from classic paradigms, raising a risk of over-fitting. The comparison set, though broad, is drawn from the same family of quantum-like models. For multi-agent and human–robot systems, the explicit bias terms offer a route to modelling how affect and history shape a human partner's choices.",
Gao2025,Gao et al. (2025),application,Abstract,"Gao et al. (2025) proposed a quantum-like evidence networks decision-making model (QLENDM) to address deviations from the sure-thing principle observed in cognitive experiments. Unlike earlier approaches, such as the quantum dynamic Markov model, quantum prospect decision theory and quantum-like Bayesian networks, which operate in probability theory, QLENDM operates within evidence (Dempster–Shafer) theory. It uses quantum-like basic probability assignments, which the authors argue better represent global and local ignorance present in cognitive experiments than a probability distribution. The parameters governing interference are fitted heuristically from the distance between quantum-like basic probability assignments, based on focal element structure. The model is applied to cognitive science datasets and to information retrieval, and the authors report that it attains the minimum average and standard deviation of fitting errors among the compared models, better predicting participants' behaviour. All computation is classical. A limitation is that comparisons rely on existing aggregate datasets, and the added evidence-theoretic machinery increases model complexity relative to the gain. For autonomous agents that already use evidential reasoning in sensor fusion, the model shows how quantum-like interference can be combined with explicit representations of ignorance.","[CITE:Gao2025] proposed a quantum-like evidence networks decision-making model (QLENDM) to address deviations from the sure-thing principle observed in cognitive experiments. Unlike earlier approaches, such as the quantum dynamic Markov model, quantum prospect decision theory and quantum-like Bayesian networks, which operate in probability theory, QLENDM operates within evidence (Dempster–Shafer) theory. It uses quantum-like basic probability assignments, which the authors argue better represent global and local ignorance present in cognitive experiments than a probability distribution. The parameters governing interference are fitted heuristically from the distance between quantum-like basic probability assignments, based on focal element structure. The model is applied to cognitive science datasets and to information retrieval, and the authors report that it attains the minimum average and standard deviation of fitting errors among the compared models, better predicting participants' behaviour. All computation is classical. A limitation is that comparisons rely on existing aggregate datasets, and the added evidence-theoretic machinery increases model complexity relative to the gain. For autonomous agents that already use evidential reasoning in sensor fusion, the model shows how quantum-like interference can be combined with explicit representations of ignorance.",
Widdows2003,Widdows and Peters (2003),application,Abstract,"Widdows and Peters (2003) asked whether logical connectives could be defined directly on distributional word vectors, so that the geometric flexibility of vector semantics is combined with the crispness of Boolean querying. They defined negation as orthogonal projection, where 'a NOT b' removes from a the component along b, and disjunction as the linear subspace spanned by several vectors. Extended negation, 'a NOT (b1 OR … OR bn)', projects a onto the orthogonal complement of that subspace. The authors showed that these operators coincide with the connectives of Birkhoff–von Neumann quantum logic. This was the first explicit use of quantum logic in natural language processing. The operators were tested on word vectors built from roughly 173 million words of New York Times text. Qualitative neighbour lists showed that negation removes unwanted senses of ambiguous words, for example the legal sense of 'suit' or the sporting sense of 'play'. The paper itself gives no quantitative retrieval scores and defers them to companion work. The approach is quantum-inspired: it borrows the lattice of subspaces and runs entirely on classical hardware. Its relevance for autonomous agents is that it supplies a projective, non-distributive semantics for concept negation and exclusion. This is the same projector algebra used by QP decision models.","[CITE:Widdows2003] asked whether logical connectives could be defined directly on distributional word vectors, so that the geometric flexibility of vector semantics is combined with the crispness of Boolean querying. They defined negation as orthogonal projection, where 'a NOT b' removes from a the component along b, and disjunction as the linear subspace spanned by several vectors. Extended negation, 'a NOT (b1 OR … OR bn)', projects a onto the orthogonal complement of that subspace. The authors showed that these operators coincide with the connectives of Birkhoff–von Neumann quantum logic. This was the first explicit use of quantum logic in natural language processing. The operators were tested on word vectors built from roughly 173 million words of New York Times text. Qualitative neighbour lists showed that negation removes unwanted senses of ambiguous words, for example the legal sense of 'suit' or the sporting sense of 'play'. The paper itself gives no quantitative retrieval scores and defers them to companion work. The approach is quantum-inspired: it borrows the lattice of subspaces and runs entirely on classical hardware. Its relevance for autonomous agents is that it supplies a projective, non-distributive semantics for concept negation and exclusion. This is the same projector algebra used by QP decision models.",Title and pages 141–154 match the authors' PDF (puttypeg.net); full title to be confirmed.
Sordoni2013,Sordoni et al. (2013),application,Abstract,"Sordoni et al. (2013) proposed the Quantum Language Model (QLM) for ad hoc retrieval. The aim was to capture dependencies between query terms without the combinatorial blow-up of n-gram or Markov random field (MRF) models. In QLM, single terms and compound term dependencies are encoded as projectors in a Hilbert space whose dimension equals the vocabulary. A query or document is a density matrix, estimated by maximum likelihood from the sequence of projectors it contains. The density matrix is thus a generalised probability distribution over subspaces rather than over sets of terms. Documents are then ranked by a divergence between query and document density matrices, a quantum generalisation of the KL-divergence ranking of classical language models. The model was evaluated on standard TREC ad hoc collections and compared with bag-of-words and MRF-based dependency baselines. It was reported to be competitive with or better than these baselines. Numerical gains are not reproduced here because the full text was not read. The approach is quantum-inspired: it borrows the density-matrix formalism but runs on classical hardware. Its main limitation is the cost of estimating a vocabulary-sized density matrix. The paper matters because it introduced density matrices as learnable state representations, which later neural quantum-inspired models inherited.","[CITE:Sordoni2013] proposed the Quantum Language Model (QLM) for ad hoc retrieval. The aim was to capture dependencies between query terms without the combinatorial blow-up of n-gram or Markov random field (MRF) models. In QLM, single terms and compound term dependencies are encoded as projectors in a Hilbert space whose dimension equals the vocabulary. A query or document is a density matrix, estimated by maximum likelihood from the sequence of projectors it contains. The density matrix is thus a generalised probability distribution over subspaces rather than over sets of terms. Documents are then ranked by a divergence between query and document density matrices, a quantum generalisation of the KL-divergence ranking of classical language models. The model was evaluated on standard TREC ad hoc collections and compared with bag-of-words and MRF-based dependency baselines. It was reported to be competitive with or better than these baselines. Numerical gains are not reproduced here because the full text was not read. The approach is quantum-inspired: it borrows the density-matrix formalism but runs on classical hardware. Its main limitation is the cost of estimating a vocabulary-sized density matrix. The paper matters because it introduced density matrices as learnable state representations, which later neural quantum-inspired models inherited.",Page range 653–662 confirmed by OUCI/Crossref metadata. Abstract not accessible (ACM); summary not yet checked against the source and gives no numbers.
Biamonte2017,Biamonte et al. (2017),background,Abstract,"Biamonte et al. (2017) is the widely cited Nature review of quantum machine learning. It surveys quantum algorithms for linear algebra, including HHL-type solvers, as well as quantum principal component analysis, support vector machines, Boltzmann machines, sampling and optimisation. It also examines the input/output bottlenecks that limit claimed speed-ups. This review cites it as the canonical reference for genuinely quantum-hardware machine learning. That field is distinct from the quantum-like and quantum-inspired models on classical computers that are the survey's main subject.","[CITE:Biamonte2017] is the widely cited Nature review of quantum machine learning. It surveys quantum algorithms for linear algebra, including HHL-type solvers, as well as quantum principal component analysis, support vector machines, Boltzmann machines, sampling and optimisation. It also examines the input/output bottlenecks that limit claimed speed-ups. This review cites it as the canonical reference for genuinely quantum-hardware machine learning. That field is distinct from the quantum-like and quantum-inspired models on classical computers that are the survey's main subject.",Full text not in the repository.
Schuld2019,Schuld and Killoran (2019),background,Full text,"Schuld and Killoran (2019) interpret the encoding of classical inputs into a quantum state as a nonlinear feature map into a 'feature Hilbert space', making quantum computing formally analogous to kernel methods. They propose two classifiers. In one, a quantum device estimates an intractable kernel for a support vector machine. In the other, a variational circuit acts as a linear model. A squeezing feature map on two-dimensional toy data illustrates this. This review cites it as the foundational quantum-hardware kernel link.","[CITE:Schuld2019] interpret the encoding of classical inputs into a quantum state as a nonlinear feature map into a 'feature Hilbert space', making quantum computing formally analogous to kernel methods. They propose two classifiers. In one, a quantum device estimates an intractable kernel for a support vector machine. In the other, a variational circuit acts as a linear model. A squeezing feature map on two-dimensional toy data illustrates this. This review cites it as the foundational quantum-hardware kernel link.",
Uprety2021,Uprety et al. (2020),review,Full text,"Uprety et al. (2020) review quantum-theory-inspired information retrieval (QIR), work that since 2004 has used Hilbert-space representations and quantum probability in retrieval on classical hardware. The authors organise the field into two strands. The first is representation and ranking, covering density-matrix and complex-valued language models and quantum-inspired neural matching. The second is user interaction and cognition, covering order effects and interference in relevance judgements and incompatibility between judgement perspectives. They stress that QIR is distinct from quantum computing and lay out a road-map of open problems. The survey uses it as the reference map of QP-based retrieval and user modelling.","[CITE:Uprety2021] review quantum-theory-inspired information retrieval (QIR), work that since 2004 has used Hilbert-space representations and quantum probability in retrieval on classical hardware. The authors organise the field into two strands. The first is representation and ranking, covering density-matrix and complex-valued language models and quantum-inspired neural matching. The second is user interaction and cognition, covering order effects and interference in relevance judgements and incompatibility between judgement perspectives. They stress that QIR is distinct from quantum computing and lay out a road-map of open problems. The survey uses it as the reference map of QP-based retrieval and user modelling.","Repository copy: arXiv 2007.04357, the accepted manuscript of the ACM Computing Surveys paper."
Widdows2021,Widdows et al. (2021),review,Full text,"Widdows et al. (2021) is a tutorial-style review of the mathematics that quantum mechanics and artificial intelligence share. It covers vector spaces, scalar products, subspaces and implication, orthogonal projection and negation, dual vectors, density matrices, positive operators and tensor products. For each tool it gives applications in information retrieval, categorisation and hypernymy, word-sense modelling, knowledge-base inference, decision making and semantic composition. It also notes which methods might eventually run on quantum hardware. The survey uses it to explain why QP models of cognition and vector-based AI can share one formal toolkit, and to separate mathematical borrowing from claims about quantum hardware.","[CITE:Widdows2021] is a tutorial-style review of the mathematics that quantum mechanics and artificial intelligence share. It covers vector spaces, scalar products, subspaces and implication, orthogonal projection and negation, dual vectors, density matrices, positive operators and tensor products. For each tool it gives applications in information retrieval, categorisation and hypernymy, word-sense modelling, knowledge-base inference, decision making and semantic composition. It also notes which methods might eventually run on quantum hardware. The survey uses it to explain why QP models of cognition and vector-based AI can share one formal toolkit, and to separate mathematical borrowing from claims about quantum hardware.",
Berner2021,Berner et al. (2021),background,Full text,"Berner et al. (2021) proposed a quantum algorithm for Bayesian neural network inference and prediction. It builds on quantum inner-product estimation from quantum deep learning. Because posterior sampling tolerates noise, a single quantum estimate per sample may suffice. In classical simulations on regression, binary classification and four UCI datasets, accuracy approached the classical results at about 10–13 qubits. This review cites it as a hardware-oriented example of combining quantum computation with Bayesian uncertainty. That is distinct from quantum-like cognition models.","[CITE:Berner2021] proposed a quantum algorithm for Bayesian neural network inference and prediction. It builds on quantum inner-product estimation from quantum deep learning. Because posterior sampling tolerates noise, a single quantum estimate per sample may suffice. In classical simulations on regression, binary classification and four UCI datasets, accuracy approached the classical results at about 10–13 qubits. This review cites it as a hardware-oriented example of combining quantum computation with Bayesian uncertainty. That is distinct from quantum-like cognition models.","Results are classical simulations of a future fault-tolerant algorithm, not hardware runs."
Lorenz2023,Lorenz et al. (2023),application,Full text,"Lorenz et al. (2023) ran compositional natural language processing (NLP) models on real quantum hardware. They exploited the formal correspondence between the DisCoCat model of meaning and quantum theory: a pregroup-grammar parse of a sentence is compiled into a parametrised quantum circuit. Word meanings are trainable circuit parameters, and the output qubit's measurement statistics give the class label. Quantum analogues of a bag-of-words model and a word-sequence model served as syntax-free and word-order-only baselines. There were two binary tasks. The first was meaning classification (MC), with 130 grammar-generated sentences about food or IT. The second was relative-pronoun (RP) classification, with 105 noun phrases from RelPron. Models were trained with SPSA in noiseless simulation and then on IBM's 5-qubit superconducting device ibmq_bogota. For DisCoCat, the simulated train and test errors after 500 iterations were 16.9% and 20.2% for MC, and 9.4% and 27.7% for RP. On hardware, the test errors were 16.7% for MC and 32.3% for RP, with F-scores of 0.85 and 0.75. As expected, syntax-sensitive DisCoCat did best on RP, while simpler models suited MC. The main limitations are the tiny datasets, a single hardware run per task, costly post-selection, and hardware queues of about 12 to 72 hours. The authors explicitly claim no quantum advantage. For autonomous agents, the work is a benchmark for what genuinely quantum language processing can do on current noisy hardware.","[CITE:Lorenz2023] ran compositional natural language processing (NLP) models on real quantum hardware. They exploited the formal correspondence between the DisCoCat model of meaning and quantum theory: a pregroup-grammar parse of a sentence is compiled into a parametrised quantum circuit. Word meanings are trainable circuit parameters, and the output qubit's measurement statistics give the class label. Quantum analogues of a bag-of-words model and a word-sequence model served as syntax-free and word-order-only baselines. There were two binary tasks. The first was meaning classification (MC), with 130 grammar-generated sentences about food or IT. The second was relative-pronoun (RP) classification, with 105 noun phrases from RelPron. Models were trained with SPSA in noiseless simulation and then on IBM's 5-qubit superconducting device ibmq_bogota. For DisCoCat, the simulated train and test errors after 500 iterations were 16.9% and 20.2% for MC, and 9.4% and 27.7% for RP. On hardware, the test errors were 16.7% for MC and 32.3% for RP, with F-scores of 0.85 and 0.75. As expected, syntax-sensitive DisCoCat did best on RP, while simpler models suited MC. The main limitations are the tiny datasets, a single hardware run per task, costly post-selection, and hardware queues of about 12 to 72 hours. The authors explicitly claim no quantum advantage. For autonomous agents, the work is a benchmark for what genuinely quantum language processing can do on current noisy hardware.",
Widdows2024,Widdows et al. (2024),review,Abstract,"Widdows et al. (2024) review quantum natural language processing (QNLP) for the KI journal. They trace the field from early vector-space and quantum-logic models of meaning, through compositional categorical models (DisCoCat), to implementations of language tasks as circuits on current quantum hardware. They separate quantum-inspired methods that run on classical machines from genuine quantum computation, and they discuss practical obstacles such as data encoding, noise and scale. The survey uses it as a recent, authoritative overview that sets QNLP apart from the quantum-like cognitive models that are the survey's focus.","[CITE:Widdows2024] review quantum natural language processing (QNLP) for the KI journal. They trace the field from early vector-space and quantum-logic models of meaning, through compositional categorical models (DisCoCat), to implementations of language tasks as circuits on current quantum hardware. They separate quantum-inspired methods that run on classical machines from genuine quantum computation, and they discuss practical obstacles such as data encoding, noise and scale. The survey uses it as a recent, authoritative overview that sets QNLP apart from the quantum-like cognitive models that are the survey's focus.",Abstract not accessible; check the scope statement against the paper. Authors completed.
Nausheen2025,Nausheen et al. (2025),review,Full text,"Nausheen et al. (2025) present a systematic literature review of quantum natural language processing (QNLP) covering 2012–2024, using explicit inclusion criteria. They classify models by quantum-computing principle, architecture and computational approach: categorical/DisCoCat, quantum probabilistic, quantum circuit, quantum kernel, quantum language models and hybrid quantum–classical models. They also cover encodings of classical text into quantum states and quantum optimisation for hyperparameter tuning. They count how often each method is used across NLP tasks. They conclude that QNLP remains limited to small datasets and a few well-explored models. This review cites it for this landscape and for its sober assessment of scale.","[CITE:Nausheen2025] present a systematic literature review of quantum natural language processing (QNLP) covering 2012–2024, using explicit inclusion criteria. They classify models by quantum-computing principle, architecture and computational approach: categorical/DisCoCat, quantum probabilistic, quantum circuit, quantum kernel, quantum language models and hybrid quantum–classical models. They also cover encodings of classical text into quantum states and quantum optimisation for hyperparameter tuning. They count how often each method is used across NLP tasks. They conclude that QNLP remains limited to small datasets and a few well-explored models. This review cites it for this landscape and for its sober assessment of scale.",Repository copy: arXiv 2504.09909v2 (Oct 2025).
Svozil2025,Svozil (2025),application,Full text,"Svozil (2025) proposed an alternative to dynamic, transformer-based handling of polysemy. Each word is a single static unit vector in a Hilbert space, and linguistic contexts are maximal observables, that is, orthonormal bases. A word vector gets its specific meaning from the basis, or context, in which it is considered. Because in dimension three or higher one vector can belong to several mutually complementary bases, called intertwining contexts, 'run' can sit in separate contexts with 'exercise', 'business' or 'river'. The construction is illustrated with orthogonality hypergraphs and the twelve-element 'firefly' logic. The author also suggests building self-adjoint operators from contextual bases as a more compact encoding. The paper is a short conceptual note of about five pages. It has no learning algorithm, no corpus and no evaluation, and it leaves learning of the intertwined bases from data to future work. The idea is quantum-inspired and entirely classical. It matters for autonomous agents because it gives a Kochen–Specker-style account of context-dependent meaning. An agent's language or concept module could represent complementary interpretations without a separate vector for each sense.","[CITE:Svozil2025] proposed an alternative to dynamic, transformer-based handling of polysemy. Each word is a single static unit vector in a Hilbert space, and linguistic contexts are maximal observables, that is, orthonormal bases. A word vector gets its specific meaning from the basis, or context, in which it is considered. Because in dimension three or higher one vector can belong to several mutually complementary bases, called intertwining contexts, 'run' can sit in separate contexts with 'exercise', 'business' or 'river'. The construction is illustrated with orthogonality hypergraphs and the twelve-element 'firefly' logic. The author also suggests building self-adjoint operators from contextual bases as a more compact encoding. The paper is a short conceptual note of about five pages. It has no learning algorithm, no corpus and no evaluation, and it leaves learning of the intertwined bases from data to future work. The idea is quantum-inspired and entirely classical. It matters for autonomous agents because it gives a Kochen–Specker-style account of context-dependent meaning. An agent's language or concept module could represent complementary interpretations without a separate vector for each sense.",A short conceptual note with no experiments.
Stoudenmire2016,Stoudenmire and Schwab (2016),application,Abstract,"Stoudenmire and Schwab (2016) adapted optimisation algorithms for tensor networks, developed in quantum many-body physics, to supervised learning. Each input is mapped by a local feature map into a product state, which is a tensor product of small vectors, one per pixel. The weight tensor of a linear classifier over this exponentially large space is then parameterised as a matrix product state (MPS), also known as a tensor train. Training uses a DMRG-like sweeping algorithm. It updates pairs of adjacent tensors and adapts the bond dimension, the rank of each bond, through singular value decomposition. On the MNIST handwritten-digit dataset the authors report a test-set classification error below 1%. They also discuss the extra structure the tensor-network form gives the model and suggest a possible generative interpretation. This is a quantum-inspired method in the strict sense: it uses the mathematics of quantum states, but everything runs on classical hardware, and no cognitive claim is made. Limitations include evaluation on a single, simple benchmark, and a fixed one-dimensional ordering of the input that ignores two-dimensional image structure. For autonomous agents and robots, it shows that Hilbert-space state representations can be compressed and trained efficiently at scale. This bears on the feasibility of quantum-like models in real agents.","[CITE:Stoudenmire2016] adapted optimisation algorithms for tensor networks, developed in quantum many-body physics, to supervised learning. Each input is mapped by a local feature map into a product state, which is a tensor product of small vectors, one per pixel. The weight tensor of a linear classifier over this exponentially large space is then parameterised as a matrix product state (MPS), also known as a tensor train. Training uses a DMRG-like sweeping algorithm. It updates pairs of adjacent tensors and adapts the bond dimension, the rank of each bond, through singular value decomposition. On the MNIST handwritten-digit dataset the authors report a test-set classification error below 1%. They also discuss the extra structure the tensor-network form gives the model and suggest a possible generative interpretation. This is a quantum-inspired method in the strict sense: it uses the mathematics of quantum states, but everything runs on classical hardware, and no cognitive claim is made. Limitations include evaluation on a single, simple benchmark, and a fixed one-dimensional ordering of the input that ignores two-dimensional image structure. For autonomous agents and robots, it shows that Hilbert-space state representations can be compressed and trained efficiently at scale. This bears on the feasibility of quantum-like models in real agents.",
Zhang2018,Zhang et al. (2018),application,Abstract,"Zhang et al. (2018) proposed a quantum many-body wave function inspired language model (QMWF-LM) for text matching. A word is a quantum state over basis meanings, and a sentence or text is a many-body wave function formed from the tensor product of its word states. The high-order interactions between words are therefore held in a single, exponentially large coefficient tensor. The authors avoid building this tensor explicitly. Projecting the global representation onto local, product-state representations is argued to be equivalent to tensor decomposition, and this can be realised by a convolutional neural network (CNN). The resulting model thus gives a quantum-many-body reading of CNN-based matching. It was evaluated on question answering and answer selection benchmarks against classical neural and earlier quantum language model baselines, and was reported to be effective. Specific scores are not given here because the paper's full text was not read. The model is quantum-inspired and runs on classical hardware. The analogy constrains the architecture rather than implying any physical quantum process. Its limitations are that interpretability rests on the analogy and that the evaluation covers only text matching. For autonomous agents, the paper shows how tensor-product state spaces from QP cognition can be learned with standard deep-learning tools.","[CITE:Zhang2018] proposed a quantum many-body wave function inspired language model (QMWF-LM) for text matching. A word is a quantum state over basis meanings, and a sentence or text is a many-body wave function formed from the tensor product of its word states. The high-order interactions between words are therefore held in a single, exponentially large coefficient tensor. The authors avoid building this tensor explicitly. Projecting the global representation onto local, product-state representations is argued to be equivalent to tensor decomposition, and this can be realised by a convolutional neural network (CNN). The resulting model thus gives a quantum-many-body reading of CNN-based matching. It was evaluated on question answering and answer selection benchmarks against classical neural and earlier quantum language model baselines, and was reported to be effective. Specific scores are not given here because the paper's full text was not read. The model is quantum-inspired and runs on classical hardware. The analogy constrains the architecture rather than implying any physical quantum process. Its limitations are that interpretability rests on the analogy and that the evaluation covers only text matching. For autonomous agents, the paper shows how tensor-product state spaces from QP cognition can be learned with standard deep-learning tools.",Summary not yet checked against the source; it gives no numbers.
Li2019,Li et al. (2019),application,Abstract,"Li et al. (2019) introduced the Complex-valued Network for Matching (CNM), which applies quantum-probability mathematics to language modelling. Words are pure quantum states and sentences are mixed states, so each sentence is a density matrix. All of these are represented in a single complex-valued vector space. Each word embedding has an amplitude and a phase, and a sentence's density matrix is a weighted mixture of its word states. Matching between a question and a candidate answer is computed through trainable quantum measurements, that is, projections onto learned measurement vectors. The network's components are constrained so that each has an explicit physical meaning, which the authors present as a route to interpretability. On two standard question-answering benchmarks, CNM performed comparably to strong CNN and RNN baselines. The abstract gives no numbers, and none are quoted here. The paper won the NAACL 2019 best explainable NLP paper award. The model is quantum-inspired: it borrows the density-matrix and measurement formalism but runs entirely on classical hardware. Limitations are that performance is comparable to, not better than, baselines, and that the interpretability claims are not tested with users. For autonomous agents, CNM shows that learned density-matrix states and projective measurements can serve as an interpretable decision layer.","[CITE:Li2019] introduced the Complex-valued Network for Matching (CNM), which applies quantum-probability mathematics to language modelling. Words are pure quantum states and sentences are mixed states, so each sentence is a density matrix. All of these are represented in a single complex-valued vector space. Each word embedding has an amplitude and a phase, and a sentence's density matrix is a weighted mixture of its word states. Matching between a question and a candidate answer is computed through trainable quantum measurements, that is, projections onto learned measurement vectors. The network's components are constrained so that each has an explicit physical meaning, which the authors present as a route to interpretability. On two standard question-answering benchmarks, CNM performed comparably to strong CNN and RNN baselines. The abstract gives no numbers, and none are quoted here. The paper won the NAACL 2019 best explainable NLP paper award. The model is quantum-inspired: it borrows the density-matrix and measurement formalism but runs entirely on classical hardware. Limitations are that performance is comparable to, not better than, baselines, and that the interpretability claims are not tested with users. For autonomous agents, CNM shows that learned density-matrix states and projective measurements can serve as an interpretable decision layer.",
Li2021a,Li et al. (2021),application,Abstract,"Li et al. (2021) addressed multimodal fusion for video sentiment analysis with a quantum-inspired framework. The goal was to make interactions between text, visual and acoustic modalities explicit and interpretable. Unimodal features are embedded as complex-valued quantum states. Interactions within and across utterances are modelled with tensor products and density matrices, so that non-separable, entangled-like structure stands for inter-modal correlation. Sentiment is read out through learned quantum measurements. The architecture is a complex-valued neural network trained end to end on classical hardware. It was evaluated on standard multimodal video sentiment benchmarks and compared with state-of-the-art fusion networks. The authors report competitive effectiveness together with greater transparency about how modalities combine. Specific benchmark scores are not given because the full text was not read. The model is quantum-inspired rather than quantum-like: it does not fit human judgement data, and 'entanglement' refers to a mathematical structure, not a physical resource. Its limitations are that it is specific to sentiment tasks and that interpretability is argued rather than measured. For autonomous agents, the paper offers a template for fusing heterogeneous sensor streams in a Hilbert space while keeping cross-modal dependencies inspectable.","[CITE:Li2021a] addressed multimodal fusion for video sentiment analysis with a quantum-inspired framework. The goal was to make interactions between text, visual and acoustic modalities explicit and interpretable. Unimodal features are embedded as complex-valued quantum states. Interactions within and across utterances are modelled with tensor products and density matrices, so that non-separable, entangled-like structure stands for inter-modal correlation. Sentiment is read out through learned quantum measurements. The architecture is a complex-valued neural network trained end to end on classical hardware. It was evaluated on standard multimodal video sentiment benchmarks and compared with state-of-the-art fusion networks. The authors report competitive effectiveness together with greater transparency about how modalities combine. Specific benchmark scores are not given because the full text was not read. The model is quantum-inspired rather than quantum-like: it does not fit human judgement data, and 'entanglement' refers to a mathematical structure, not a physical resource. Its limitations are that it is specific to sentiment tasks and that interpretability is argued rather than measured. For autonomous agents, the paper offers a template for fusing heterogeneous sensor streams in a Hilbert space while keeping cross-modal dependencies inspectable.",Summary not yet checked against the source; it gives no numbers.
Li2021b,Li et al. (2021),application,Abstract,"Li et al. (2021) built on an analogy between quantum measurement and emotion recognition in conversation. They framed the recognition of a speaker's emotion in a dialogue as measuring a quantum system whose state depends on the conversational context. The resulting quantum-inspired neural network has quantum-like layers built from complex-valued operations. These layers capture contextual dependencies across dialogue turns and fuse textual, acoustic and visual inputs within a single Hilbert-space representation. The network's weights are learned with an existing algorithm for training such complex-valued quantum-inspired layers, so the model can be trained in a data-driven, end-to-end way. The authors evaluated it on two standard conversational emotion-recognition benchmarks. The abstract reports performance comparable to state-of-the-art methods, with no numbers, and none are quoted here. The authors also argue that it offers a quantum view for understanding conversational emotion recognition. The model is quantum-inspired and runs on classical hardware. Its limitations are that it matches rather than exceeds existing systems, that it is evaluated only on benchmark corpora, and that it has no validation against human judgements. For autonomous agents and social robots, it shows how measurement-based, context-sensitive state updating can be built into a trainable affect-recognition module.","[CITE:Li2021b] built on an analogy between quantum measurement and emotion recognition in conversation. They framed the recognition of a speaker's emotion in a dialogue as measuring a quantum system whose state depends on the conversational context. The resulting quantum-inspired neural network has quantum-like layers built from complex-valued operations. These layers capture contextual dependencies across dialogue turns and fuse textual, acoustic and visual inputs within a single Hilbert-space representation. The network's weights are learned with an existing algorithm for training such complex-valued quantum-inspired layers, so the model can be trained in a data-driven, end-to-end way. The authors evaluated it on two standard conversational emotion-recognition benchmarks. The abstract reports performance comparable to state-of-the-art methods, with no numbers, and none are quoted here. The authors also argue that it offers a quantum view for understanding conversational emotion recognition. The model is quantum-inspired and runs on classical hardware. Its limitations are that it matches rather than exceeds existing systems, that it is evaluated only on benchmark corpora, and that it has no validation against human judgements. For autonomous agents and social robots, it shows how measurement-based, context-sensitive state updating can be built into a trainable affect-recognition module.",
Gkoumas2021,Gkoumas et al. (2021),application,Abstract,"Gkoumas et al. (2021) treated video sentiment analysis as a decision-fusion problem subject to cognitive-bias-like effects. Following quantum cognition, they hypothesised that the sentiment judgements from different modalities may be incompatible: their order matters, and they cannot be measured jointly for a single decision. Each utterance is represented as a superposition state in a complex-valued Hilbert space. The unimodal classifiers, for text, vision and audio, are modelled as incompatible observables and implemented as positive-operator-valued measures (POVMs). Fusion then follows the QP rules for sequential and incompatible measurements rather than classical averaging or voting. The model was evaluated on two video sentiment benchmarks against both decision-level and content-level fusion methods. According to the abstract, it substantially outperformed these baselines. It also handled every combination pattern of unimodal predictions, including the extreme case where all unimodal classifiers are wrong. Numerical margins are not quoted here. The approach is quantum-like in structure, since it uses the QP rules of cognition, but it is fitted to annotated benchmark labels, not to human decision data, and it runs on classical hardware. A limitation is that the incompatibility is assumed rather than tested. For autonomous agents, it is a direct template for QP-based fusion of conflicting sensor-level decisions.","[CITE:Gkoumas2021] treated video sentiment analysis as a decision-fusion problem subject to cognitive-bias-like effects. Following quantum cognition, they hypothesised that the sentiment judgements from different modalities may be incompatible: their order matters, and they cannot be measured jointly for a single decision. Each utterance is represented as a superposition state in a complex-valued Hilbert space. The unimodal classifiers, for text, vision and audio, are modelled as incompatible observables and implemented as positive-operator-valued measures (POVMs). Fusion then follows the QP rules for sequential and incompatible measurements rather than classical averaging or voting. The model was evaluated on two video sentiment benchmarks against both decision-level and content-level fusion methods. According to the abstract, it substantially outperformed these baselines. It also handled every combination pattern of unimodal predictions, including the extreme case where all unimodal classifiers are wrong. Numerical margins are not quoted here. The approach is quantum-like in structure, since it uses the QP rules of cognition, but it is fitted to annotated benchmark labels, not to human decision data, and it runs on classical hardware. A limitation is that the incompatibility is assumed rather than tested. For autonomous agents, it is a direct template for QP-based fusion of conflicting sensor-level decisions.",
Cerezo2021,Cerezo et al. (2021),background,Full text,"Cerezo et al. (2021) proved that barren plateaus, or exponentially vanishing gradients, depend on the cost function in variational quantum algorithms. With global observables, gradients vanish exponentially even for shallow alternating layered circuits. With local observables and depth O(log n), gradients vanish at worst polynomially. Simulations with up to 100 qubits of a quantum autoencoder illustrate the result. This review cites it as a key trainability constraint on genuinely quantum-hardware learning agents.","[CITE:Cerezo2021] proved that barren plateaus, or exponentially vanishing gradients, depend on the cost function in variational quantum algorithms. With global observables, gradients vanish exponentially even for shallow alternating layered circuits. With local observables and depth O(log n), gradients vanish at worst polynomially. Simulations with up to 100 qubits of a quantum autoencoder illustrate the result. This review cites it as a key trainability constraint on genuinely quantum-hardware learning agents.","Author list corrected: Cerezo, Sone, Volkoff, Cincio and Coles, as confirmed by the full text (Holmes is not an author)."
Liu2023,Liu et al. (2023),review,Abstract,"Liu et al. (2023) survey sentiment analysis models inspired by quantum cognition. These classical models use Hilbert-space representations, superposition, interference, incompatible measurements and entanglement-like tensor structures to capture the subjectivity, ambiguity and context dependence of human sentiment judgements. The review introduces the QP background and organises existing models by the quantum concept used and by the setting, textual or multimodal. It sets these models against conventional deep-learning approaches and discusses open challenges, including interpretability, scalability and links to cognitive evidence. The survey uses it as the reference map for quantum-cognitively inspired affective computing.","[CITE:Liu2023] survey sentiment analysis models inspired by quantum cognition. These classical models use Hilbert-space representations, superposition, interference, incompatible measurements and entanglement-like tensor structures to capture the subjectivity, ambiguity and context dependence of human sentiment judgements. The review introduces the QP background and organises existing models by the quantum concept used and by the setting, textual or multimodal. It sets these models against conventional deep-learning approaches and discusses open challenges, including interpretability, scalability and links to cognitive evidence. The survey uses it as the reference map for quantum-cognitively inspired affective computing.",Summary not yet checked against the source; it gives no numbers.
Binz2023,Binz and Schulz (2023),background,Abstract,"Binz and Schulz (2023) applied cognitive-psychology paradigms to GPT-3, using both vignette-based problems and task-based experiments on decision making, information search, deliberation and causal reasoning. GPT-3 solved many vignettes well, showed some human-like biases and did well on decisions from description and bandit tasks. It lacked directed exploration and failed at causal reasoning. This review cites it as the methodological precedent for probing LLMs with behavioural paradigms, the approach later used to test QP signatures in LLMs.","[CITE:Binz2023] applied cognitive-psychology paradigms to GPT-3, using both vignette-based problems and task-based experiments on decision making, information search, deliberation and causal reasoning. GPT-3 solved many vignettes well, showed some human-like biases and did well on decisions from description and bandit tasks. It lacked directed exploration and failed at causal reasoning. This review cites it as the methodological precedent for probing LLMs with behavioural paradigms, the approach later used to test QP signatures in LLMs.",Summary not yet checked against the source; it gives no numbers.
Uprety2024,Uprety et al. (2024),application,Abstract,"Uprety et al. (2024) asked whether large language models (LLMs) reproduce the order effects that humans show in similarity judgements. The motivation is alignment: LLM-based agents increasingly make decisions and take actions in real-world settings, and human judgements are themselves affected by cognitive biases. The authors replicated a well-known human study showing order effects in similarity judgements, in which the rated similarity of two items depends on which is presented first. They administered the same judgements to several popular LLMs under different prompt settings. They report the specific settings in which LLMs show human-like order-effect bias and those in which they do not. They then discuss what these findings imply for designing LLM-based applications. The work is framed as an ongoing investigation. The abstract does not give the list of models, the sampling settings or quantitative effect sizes, so none are given here. The study comes from the quantum cognition and information retrieval group, and order effects are the standard QP signature of incompatible judgements. The paper, however, probes the effect empirically rather than fitting a QP model. Its limitations are its preliminary scope and its dependence on prompts. For autonomous agents, it shows that order-dependent judgement can surface in LLM decision components and should be audited.","[CITE:Uprety2024] asked whether large language models (LLMs) reproduce the order effects that humans show in similarity judgements. The motivation is alignment: LLM-based agents increasingly make decisions and take actions in real-world settings, and human judgements are themselves affected by cognitive biases. The authors replicated a well-known human study showing order effects in similarity judgements, in which the rated similarity of two items depends on which is presented first. They administered the same judgements to several popular LLMs under different prompt settings. They report the specific settings in which LLMs show human-like order-effect bias and those in which they do not. They then discuss what these findings imply for designing LLM-based applications. The work is framed as an ongoing investigation. The abstract does not give the list of models, the sampling settings or quantitative effect sizes, so none are given here. The study comes from the quantum cognition and information retrieval group, and order effects are the standard QP signature of incompatible judgements. The paper, however, probes the effect empirically rather than fitting a QP model. Its limitations are its preliminary scope and its dependence on prompts. For autonomous agents, it shows that order-dependent judgement can surface in LLM decision components and should be audited.",Preprint describes itself as an ongoing investigation; check which LLMs and the QP analysis in the full text.
Tjuatja2024,Tjuatja et al. (2024),background,Abstract,"Tjuatja et al. (2024) tested whether nine open and commercial LLMs show the human response biases known from survey methodology, such as sensitivity to question wording and response order. The models generally failed to reproduce human-like biases, especially after RLHF. Where the direction matched humans, they were still sensitive to perturbations that leave humans unaffected. This review cites it as a classical (non-QP) baseline and a caution against treating LLMs as human proxies in order-effect studies.","[CITE:Tjuatja2024] tested whether nine open and commercial LLMs show the human response biases known from survey methodology, such as sensitivity to question wording and response order. The models generally failed to reproduce human-like biases, especially after RLHF. Where the direction matched humans, they were still sensitive to perturbations that leave humans unaffected. This review cites it as a classical (non-QP) baseline and a caution against treating LLMs as human proxies in order-effect studies.",
Zhang2025,Zhang et al. (2025),application,Abstract,"Zhang et al. (2025) proposed a quantum-inspired neural network for semantic matching based on density matrices. Following earlier complex-valued and density-matrix matching models, sentences are represented as density matrices, and matching exploits a duality property of density matrices. Here the density matrix serves both as the state representation and as a measurement-like operator. Interactions between the two texts can therefore be computed within one QP formalism. The model was evaluated on semantic matching or question-answering benchmarks and compared with classical and earlier quantum-inspired baselines. The authors report improved or competitive effectiveness. The abstract and full text could not be read, so the exact definition of the duality, the datasets and the scores are not given here. They should be checked before this paragraph is finalised. The model is quantum-inspired and runs on classical hardware. Its likely limitations, shared with this family of models, are the cost of the density matrices and interpretability claims that are not tested with users. For autonomous agents, the paper continues the line of work from Li et al. (2019) and Zhang et al. (2018). It shows how QP state and measurement operators can be learned jointly for relevance or matching decisions.","[CITE:Zhang2025] proposed a quantum-inspired neural network for semantic matching based on density matrices. Following earlier complex-valued and density-matrix matching models, sentences are represented as density matrices, and matching exploits a duality property of density matrices. Here the density matrix serves both as the state representation and as a measurement-like operator. Interactions between the two texts can therefore be computed within one QP formalism. The model was evaluated on semantic matching or question-answering benchmarks and compared with classical and earlier quantum-inspired baselines. The authors report improved or competitive effectiveness. The abstract and full text could not be read, so the exact definition of the duality, the datasets and the scores are not given here. They should be checked before this paragraph is finalised. The model is quantum-inspired and runs on classical hardware. Its likely limitations, shared with this family of models, are the cost of the density matrices and interpretability claims that are not tested with users. For autonomous agents, the paper continues the line of work from [CITE:Li2019] and [CITE:Zhang2018]. It shows how QP state and measurement operators can be learned jointly for relevance or matching decisions.","Abstract and full text not accessible. The summary is deliberately generic and must be checked for the meaning of 'duality', the datasets and the results before use."
Maksimovic2025,Maksimovic and Maksymov (2025),application,Abstract,"Maksimovic and Maksymov (2025) looked at image-classification systems that fail with confusing or erroneous outputs, or that defer difficult cases to human operators. They asked whether a quantum-cognition-motivated network could emulate human-like perception, confidence and uncertainty. They used the recently proposed quantum-tunnelling neural network (QT-NN), whose activation function is inspired by the quantum-mechanical probability of a particle tunnelling through a potential barrier. Its outputs are interpreted in the light of quantum cognition theory as human-like judgements. The network was trained to classify image datasets, and its confidence and uncertainty patterns were compared with those expected in human decision making. The authors report that the QT-NN provides evidence of human-like decision-making. It could also be trained up to 50 times faster than a classical counterpart. These claims come from the abstract, and the datasets and the comparison protocol were not checked here. The model is quantum-inspired: it runs on classical hardware and uses a physics-derived activation rather than QP state updating. A limitation is that human-likeness is judged against simulated human decisions rather than behavioural data from participants. For human–AI teaming, the work points to classifiers whose uncertainty is closer to human uncertainty and therefore easier for operators to interpret.","[CITE:Maksimovic2025] looked at image-classification systems that fail with confusing or erroneous outputs, or that defer difficult cases to human operators. They asked whether a quantum-cognition-motivated network could emulate human-like perception, confidence and uncertainty. They used the recently proposed quantum-tunnelling neural network (QT-NN), whose activation function is inspired by the quantum-mechanical probability of a particle tunnelling through a potential barrier. Its outputs are interpreted in the light of quantum cognition theory as human-like judgements. The network was trained to classify image datasets, and its confidence and uncertainty patterns were compared with those expected in human decision making. The authors report that the QT-NN provides evidence of human-like decision-making. It could also be trained up to 50 times faster than a classical counterpart. These claims come from the abstract, and the datasets and the comparison protocol were not checked here. The model is quantum-inspired: it runs on classical hardware and uses a physics-derived activation rather than QP state updating. A limitation is that human-likeness is judged against simulated human decisions rather than behavioural data from participants. For human–AI teaming, the work points to classifiers whose uncertainty is closer to human uncertainty and therefore easier for operators to interpret.",Check which image datasets were used and how 'human-like' was assessed; the 50x speed-up claim is from the abstract only.
Lo2025,Lo et al. (2025),application,Full text,"Lo et al. (2025) gave the first large-scale test of quantum-like contextuality in natural language. They used a large language model as the source of probability distributions. The authors built a linguistic schema, 'PR-anaphora', modelled on the minimal contextual measurement scenario, the 3-cyclic scenario, whose strongly contextual model is PR-box-like. Each instance has two nouns, three adjectives and two pronouns, framed as a co-reference resolution problem. Noun pairs sharing adjectives were extracted from Simple English Wikipedia, giving 866,108 noun pairs and 51,966,480 instances. Empirical models were then built from bert-base-uncased predictions. Contextuality was assessed with two frameworks that tolerate signalling: a signalling-corrected sheaf-theoretic criterion and Contextuality-by-Default (CbD). Of all instances, 77,118 (0.148%) were sheaf-contextual and 36,938,948 (71.1%) were CbD-contextual. The authors derived a relation between the degree of contextuality and the Euclidean distance between BERT embedding vectors. Regression identified this distance as the best predictor of contextuality. Restricting the data to the top 1% most similar noun pairs raised the rates to 0.50% (sheaf) and 81.83% (CbD). The analysis is quantum-like and runs on classical hardware. Limitations are that it uses a single masked language model and a synthetic schema, and that it does not show that contextuality improves any task. For autonomous agents, it provides tools for detecting contextuality in the belief states of language-model components.","[CITE:Lo2025] gave the first large-scale test of quantum-like contextuality in natural language. They used a large language model as the source of probability distributions. The authors built a linguistic schema, 'PR-anaphora', modelled on the minimal contextual measurement scenario, the 3-cyclic scenario, whose strongly contextual model is PR-box-like. Each instance has two nouns, three adjectives and two pronouns, framed as a co-reference resolution problem. Noun pairs sharing adjectives were extracted from Simple English Wikipedia, giving 866,108 noun pairs and 51,966,480 instances. Empirical models were then built from bert-base-uncased predictions. Contextuality was assessed with two frameworks that tolerate signalling: a signalling-corrected sheaf-theoretic criterion and Contextuality-by-Default (CbD). Of all instances, 77,118 (0.148%) were sheaf-contextual and 36,938,948 (71.1%) were CbD-contextual. The authors derived a relation between the degree of contextuality and the Euclidean distance between BERT embedding vectors. Regression identified this distance as the best predictor of contextuality. Restricting the data to the top 1% most similar noun pairs raised the rates to 0.50% (sheaf) and 81.83% (CbD). The analysis is quantum-like and runs on classical hardware. Limitations are that it uses a single masked language model and a synthetic schema, and that it does not show that contextuality improves any task. For autonomous agents, it provides tools for detecting contextuality in the belief states of language-model components.",Final volume and pages in Proc. R. Soc. A to be confirmed (repository copy: arXiv v1). The paper is internally inconsistent: the whole-dataset sheaf rate is 0.148% in Section 5 but '0.0148%' in the similarity-filter paragraph; the entry uses 0.148%.
Aerts2026,Aerts et al. (2026),application,Abstract,"Aerts et al. (2026) asked whether the non-classical probability structures previously found in human conceptual combination also appear when large language models (LLMs) act as the 'participants'. They carried out two tests. In the first, ChatGPT and Google Gemini judged conceptual combinations within a Bell-type design. The abstract reports that Bell's inequalities were significantly violated, which indicates a probability model that does not satisfy Kolmogorov's axioms. In the second test, the same models generated text, and word distributions in large texts followed Bose–Einstein rather than Maxwell–Boltzmann statistics. Both results mirror the authors' earlier findings from human participants and corpus analyses. The authors interpret this as evidence of convergence between human and artificial cognition, driven by a meaning-bearing structure in semantic vector spaces rather than by network architecture. The analysis is quantum-like: QP structure is detected in LLM outputs on classical hardware. The CHSH values and sample sizes are in the full text, which was not read, so they are not reported here. Limitations include the dependence of LLM outputs on prompts and model versions, uncontrolled signalling in Bell tests, and the interpretive step from statistical signature to shared cognitive structure. For AI systems, the paper suggests that QP structure may emerge from language training without being built in.","[CITE:Aerts2026] asked whether the non-classical probability structures previously found in human conceptual combination also appear when large language models (LLMs) act as the 'participants'. They carried out two tests. In the first, ChatGPT and Google Gemini judged conceptual combinations within a Bell-type design. The abstract reports that Bell's inequalities were significantly violated, which indicates a probability model that does not satisfy Kolmogorov's axioms. In the second test, the same models generated text, and word distributions in large texts followed Bose–Einstein rather than Maxwell–Boltzmann statistics. Both results mirror the authors' earlier findings from human participants and corpus analyses. The authors interpret this as evidence of convergence between human and artificial cognition, driven by a meaning-bearing structure in semantic vector spaces rather than by network architecture. The analysis is quantum-like: QP structure is detected in LLM outputs on classical hardware. The CHSH values and sample sizes are in the full text, which was not read, so they are not reported here. Limitations include the dependence of LLM outputs on prompts and model versions, uncontrolled signalling in Bell tests, and the interpretive step from statistical signature to shared cognitive structure. For AI systems, the paper suggests that QP structure may emerge from language training without being built in.","The abstract names 'ChatGPT (GPT-5.5 Thinking)' and 'Gemini Advanced (Gemini 1.5 Pro)', an unusual pairing of model generations; check the model versions and the CHSH values in the full text."
Imannezhad2026,Imannezhad et al. (2026),application,Abstract,"Imannezhad et al. (2026) compared GPT-5's probability judgements with those of humans on a task known to elicit classical-probability violations. The violations considered were conjunction fallacies, disjunction fallacies and breaches of binary complementarity. The authors used an existing large human dataset, in which participants showed several types of fallacy, and ran GPT-5 on the same task. Each session was matched to a participant's profile, giving 553 persona sessions. Unlike the humans, GPT-5 produced only single conjunction or disjunction fallacies. It also complied almost perfectly with binary complementarity. The article reports conjunction-fallacy rates of about 18.8% for GPT-5 against 58.5% for humans, and double conjunction fallacies of 0.5% against 37.0%. The model's overall pattern matched the predictions of early quantum-probability models of judgement better than later variants that add noise. The authors conclude that GPT-5 reasons about probability more coherently and consistently than naïve human participants. The study is quantum-like: QP models are used as the theoretical yardstick for both humans and the LLM. Limitations are that only one proprietary model was tested and that personas are an imperfect proxy for real participants. For human–AI teaming, the study shows that LLM advisers cannot be assumed to share human biases, which matters when an AI system models or supports human decisions.","[CITE:Imannezhad2026] compared GPT-5's probability judgements with those of humans on a task known to elicit classical-probability violations. The violations considered were conjunction fallacies, disjunction fallacies and breaches of binary complementarity. The authors used an existing large human dataset, in which participants showed several types of fallacy, and ran GPT-5 on the same task. Each session was matched to a participant's profile, giving 553 persona sessions. Unlike the humans, GPT-5 produced only single conjunction or disjunction fallacies. It also complied almost perfectly with binary complementarity. The article reports conjunction-fallacy rates of about 18.8% for GPT-5 against 58.5% for humans, and double conjunction fallacies of 0.5% against 37.0%. The model's overall pattern matched the predictions of early quantum-probability models of judgement better than later variants that add noise. The authors conclude that GPT-5 reasons about probability more coherently and consistently than naïve human participants. The study is quantum-like: QP models are used as the theoretical yardstick for both humans and the LLM. Limitations are that only one proprietary model was tested and that personas are an imperfect proxy for real participants. For human–AI teaming, the study shows that LLM advisers cannot be assumed to share human biases, which matters when an AI system models or supports human decisions.","The numbers (553 sessions and the fallacy rates) were taken from the article web page, not the PDF; check them before use."
Kang2026,Kang (2026),application,Abstract,"Kang (2026) turned the QQ equality into an audit criterion for sequential yes/no judgements by autoregressive large language models (LLMs). The QQ equality is a parameter-free prediction of the projective quantum question-order model, which human survey data approximately satisfy. On the theoretical side, the author characterised the mechanism families that satisfy QQ robustly. He showed that classical repetition can reproduce the equality exactly, so QQ alone does not diagnose quantum-like structure. He then combined QQ with the rank-2 Contextuality-by-Default criterion through the bound |q_QQ| ≤ OSS, which separates order sensitivity, QQ imbalance and residual contextuality. On the methodological side, a committed multi-turn forced-branch protocol reconstructs order-conditioned joint distributions from next-token log-probabilities, with counterbalanced label mappings and pre-specified health gates. A pilot on an open-weight instruction-tuned model, reported as Qwen3-4B-Instruct, passed all health gates. However, the distributions were near-deterministic for 17 of 18 item pairs under direct-evaluation framing and 7 of 8 under persona framing. Label assignment changed several QQ verdicts, and no item was certified as residually contextual. The main result is a caveat: next-token probabilities should not be treated as survey-response distributions without saturation screening and label counterbalancing. The limitations are a single small model and few items. For AI agents, the paper sets methodological standards for auditing QP signatures in LLMs.","[CITE:Kang2026] turned the QQ equality into an audit criterion for sequential yes/no judgements by autoregressive large language models (LLMs). The QQ equality is a parameter-free prediction of the projective quantum question-order model, which human survey data approximately satisfy. On the theoretical side, the author characterised the mechanism families that satisfy QQ robustly. He showed that classical repetition can reproduce the equality exactly, so QQ alone does not diagnose quantum-like structure. He then combined QQ with the rank-2 Contextuality-by-Default criterion through the bound |q_QQ| ≤ OSS, which separates order sensitivity, QQ imbalance and residual contextuality. On the methodological side, a committed multi-turn forced-branch protocol reconstructs order-conditioned joint distributions from next-token log-probabilities, with counterbalanced label mappings and pre-specified health gates. A pilot on an open-weight instruction-tuned model, reported as Qwen3-4B-Instruct, passed all health gates. However, the distributions were near-deterministic for 17 of 18 item pairs under direct-evaluation framing and 7 of 8 under persona framing. Label assignment changed several QQ verdicts, and no item was certified as residually contextual. The main result is a caveat: next-token probabilities should not be treated as survey-response distributions without saturation screening and label counterbalancing. The limitations are a single small model and few items. For AI agents, the paper sets methodological standards for auditing QP signatures in LLMs.",The model name (Qwen3-4B-Instruct) comes from the HTML full text; the abstract says only 'open-weight instruction-tuned model'. Single-author preprint.
Dong2008,Dong et al. (2008),application,Abstract,"Dong et al. (2008) propose quantum reinforcement learning (QRL), which recasts the states and actions of a reinforcement-learning problem as eigenstates and eigenactions of a quantum system. The state–action space is represented as a superposition; an action is selected by a simulated measurement that collapses the action superposition, with probabilities given by squared amplitudes, and rewards update the amplitudes through a Grover-type amplitude-amplification step, so that exploration and exploitation are balanced by the amplitudes rather than by an ε-greedy or softmax rule. The authors analyse convergence and optimality and argue that, on genuine quantum hardware, quantum parallelism could update many state values at once. The simulated experiments, run on a classical computer in a gridworld navigation task, compare QRL with TD(0) using ε-greedy exploration; the preprint reports that QRL learns faster and converges over a much wider range of learning rates. The limitations are that the 'quantum' algorithm is only simulated classically, the environments are small tabular problems, and no physical implementation or function approximation is provided. The paper founded the Dong–Chen line of quantum and quantum-inspired RL (Dong et al. (2012), Wei et al. (2022)) and is a common reference point for quantum decision rules in autonomous agents.","[CITE:Dong2008] propose quantum reinforcement learning (QRL), which recasts the states and actions of a reinforcement-learning problem as eigenstates and eigenactions of a quantum system. The state–action space is represented as a superposition; an action is selected by a simulated measurement that collapses the action superposition, with probabilities given by squared amplitudes, and rewards update the amplitudes through a Grover-type amplitude-amplification step, so that exploration and exploitation are balanced by the amplitudes rather than by an ε-greedy or softmax rule. The authors analyse convergence and optimality and argue that, on genuine quantum hardware, quantum parallelism could update many state values at once. The simulated experiments, run on a classical computer in a gridworld navigation task, compare QRL with TD(0) using ε-greedy exploration; the preprint reports that QRL learns faster and converges over a much wider range of learning rates. The limitations are that the 'quantum' algorithm is only simulated classically, the environments are small tabular problems, and no physical implementation or function approximation is provided. The paper founded the Dong–Chen line of quantum and quantum-inspired RL ([CITE:Dong2012], [CITE:Wei2022]) and is a common reference point for quantum decision rules in autonomous agents.",Summary based on the abstract and the arXiv preprint 0810.3828; experimental details to be checked against the published paper.
Dong2012,Dong et al. (2012),application,Full text,"Dong et al. (2012) address the sensitivity of reinforcement learning (RL) to learning rates and initial settings in mobile-robot navigation. They propose a quantum-inspired RL (QiRL) algorithm in which each state carries a superposition-like vector of action amplitudes: action selection is probabilistic, mimicking measurement collapse, and reinforcement adjusts amplitudes by a rule inspired by Grover-type amplitude amplification; a convergence result is stated for the temporal-difference value update. Everything runs on classical hardware. The method is first tested on a 58-state Markovian transition task, where QiRL converged after about 2000 episodes from four different start states, whereas a TD baseline needed between 1000 and 4000 episodes depending on the start state, and QiRL performed well for learning rates from 0.01 to 0.12 while TD failed to converge for rates of 0.02 and above. It is then evaluated in a simulated 600 × 400 grid world with 16 range sensors (obstacle avoidance) and on a real two-wheeled robot, MT-R, which learned to follow an office corridor into a target room. Limitations are the tabular state representation, comparison against a single TD baseline, and a largely qualitative real-robot demonstration. The work is an early example of quantum-inspired exploration rules transferred to physical robot learning.","[CITE:Dong2012] address the sensitivity of reinforcement learning (RL) to learning rates and initial settings in mobile-robot navigation. They propose a quantum-inspired RL (QiRL) algorithm in which each state carries a superposition-like vector of action amplitudes: action selection is probabilistic, mimicking measurement collapse, and reinforcement adjusts amplitudes by a rule inspired by Grover-type amplitude amplification; a convergence result is stated for the temporal-difference value update. Everything runs on classical hardware. The method is first tested on a 58-state Markovian transition task, where QiRL converged after about 2000 episodes from four different start states, whereas a TD baseline needed between 1000 and 4000 episodes depending on the start state, and QiRL performed well for learning rates from 0.01 to 0.12 while TD failed to converge for rates of 0.02 and above. It is then evaluated in a simulated 600 × 400 grid world with 16 range sensors (obstacle avoidance) and on a real two-wheeled robot, MT-R, which learned to follow an office corridor into a target room. Limitations are the tabular state representation, comparison against a single TD baseline, and a largely qualitative real-robot demonstration. The work is an early example of quantum-inspired exploration rules transferred to physical robot learning.","Authors corrected (Chu, not Li)."
Briegel2012,Briegel and De las Cuevas (2012),application,Full text,"Briegel and De las Cuevas (2012) propose projective simulation (PS), a model of a learning agent that, before acting, 'projects itself' into possible future situations by running a random walk through a network of clips, i.e. elementary patches of episodic memory. This episodic and compositional memory is updated by adapting transition probabilities between clips on reward, by adding clips from new percepts, and by composing new clips from existing ones, which the authors present as an elementary form of creative behaviour. Emotion tags on transitions record remembered rewards and allow a 'reflection' mechanism in which the agent repeats its internal simulation when the proposed action is not tagged as rewarded. The model is illustrated with a simulated invasion game, in which a defender agent learns to block an attacker from symbolic cues; learning curves show that a forgetting (dissipation) parameter trades adaptation speed against maximum blocking efficiency, and that a longer reflection time speeds up learning. The simulations are small and classical, and no comparison with standard RL benchmarks is made. The paper matters for the survey because the random walk over clips is designed to generalise naturally to quantum walks, providing the basis for later quantum-enhanced agents (Paparo et al. (2014)).","[CITE:Briegel2012] propose projective simulation (PS), a model of a learning agent that, before acting, 'projects itself' into possible future situations by running a random walk through a network of clips, i.e. elementary patches of episodic memory. This episodic and compositional memory is updated by adapting transition probabilities between clips on reward, by adding clips from new percepts, and by composing new clips from existing ones, which the authors present as an elementary form of creative behaviour. Emotion tags on transitions record remembered rewards and allow a 'reflection' mechanism in which the agent repeats its internal simulation when the proposed action is not tagged as rewarded. The model is illustrated with a simulated invasion game, in which a defender agent learns to block an attacker from symbolic cues; learning curves show that a forgetting (dissipation) parameter trades adaptation speed against maximum blocking efficiency, and that a longer reflection time speeds up learning. The simulations are small and classical, and no comparison with standard RL benchmarks is made. The paper matters for the survey because the random walk over clips is designed to generalise naturally to quantum walks, providing the basis for later quantum-enhanced agents ([CITE:Paparo2014]).",
Paparo2014,Paparo et al. (2014),excluded (E5),Full text,"Paparo et al. (2014) ask whether quantum physics can speed up the internal deliberation of an autonomous learning agent, a bottleneck when the environment allows only limited time to respond. They consider the reflecting projective simulation (PS) agent of Briegel and De las Cuevas (2012), whose deliberation amounts to mixing a Markov chain over its episodic-memory clip network and checking whether the sampled clip is a flagged (rewarded) action. Replacing the classical random walk with a Szegedy-type quantum walk, combined with Grover-like reflections over flagged actions, they construct a quantum agent that outputs actions from approximately the same distribution as the classical agent. They prove that the number of calls to the diffusion operators scales as Õ(1/√(εδ)), where ε is the probability of flagged actions and δ the spectral gap, a quadratic improvement over the classical agent. The result is purely theoretical: it assumes a classical task environment, reversible Markov chains (with extension claimed for irreducible chains), and quantum memory that could be implemented with linear optics or trapped ions, none of which is demonstrated. For autonomous agents it provides the clearest formal case that genuine quantum hardware can accelerate an agent's decision time rather than just its offline learning.","[CITE:Paparo2014] ask whether quantum physics can speed up the internal deliberation of an autonomous learning agent, a bottleneck when the environment allows only limited time to respond. They consider the reflecting projective simulation (PS) agent of [CITE:Briegel2012], whose deliberation amounts to mixing a Markov chain over its episodic-memory clip network and checking whether the sampled clip is a flagged (rewarded) action. Replacing the classical random walk with a Szegedy-type quantum walk, combined with Grover-like reflections over flagged actions, they construct a quantum agent that outputs actions from approximately the same distribution as the classical agent. They prove that the number of calls to the diffusion operators scales as Õ(1/√(εδ)), where ε is the probability of flagged actions and δ the spectral gap, a quadratic improvement over the classical agent. The result is purely theoretical: it assumes a classical task environment, reversible Markov chains (with extension claimed for irreducible chains), and quantum memory that could be implemented with linear optics or trapped ions, none of which is demonstrated. For autonomous agents it provides the clearest formal case that genuine quantum hardware can accelerate an agent's decision time rather than just its offline learning.",
Melnikov2018,Melnikov et al. (2018),application,Abstract,"Melnikov et al. (2018) benchmark the projective simulation (PS) agent of Briegel and De las Cuevas (2012) against standard tabular reinforcement learning. They apply PS, Q-learning and SARSA to two classic navigation problems, a grid world and the mountain car task, and compare learning performance and the effort needed to tune model parameters. According to the abstract, PS and the standard methods perform qualitatively and quantitatively similarly, but optimal PS parameters are much easier to find, with computational effort for parameter selection reduced by one to two orders of magnitude, because PS has few model parameters. The study is entirely classical and uses small tabular benchmarks, so it says nothing directly about quantum speed-up; its value is in showing that the classical PS model, which admits a quantum-walk generalisation (Paparo et al. (2014)), is a competitive baseline learner. For the survey, it anchors claims about PS-based agents in robotics to a standard benchmark comparison rather than to toy games such as the invasion game alone.","[CITE:Melnikov2018] benchmark the projective simulation (PS) agent of [CITE:Briegel2012] against standard tabular reinforcement learning. They apply PS, Q-learning and SARSA to two classic navigation problems, a grid world and the mountain car task, and compare learning performance and the effort needed to tune model parameters. According to the abstract, PS and the standard methods perform qualitatively and quantitatively similarly, but optimal PS parameters are much easier to find, with computational effort for parameter selection reduced by one to two orders of magnitude, because PS has few model parameters. The study is entirely classical and uses small tabular benchmarks, so it says nothing directly about quantum speed-up; its value is in showing that the classical PS model, which admits a quantum-walk generalisation ([CITE:Paparo2014]), is a competitive baseline learner. For the survey, it anchors claims about PS-based agents in robotics to a standard benchmark comparison rather than to toy games such as the invasion game alone.",DOI inferred from IEEE Xplore document 8494753; to be confirmed. arXiv:1804.08607.
Boyajian2020,Boyajian et al. (2020),background,Abstract,"Boyajian et al. (2020) provide a formal convergence analysis of projective simulation (PS), the episodic-memory learning model of Briegel and De las Cuevas (2012) that admits quantum speed-ups in deliberation. They prove that a modified PS variant converges to optimal behaviour in a broad class of Markov decision processes. This review cites it as the theoretical guarantee that PS-based agents, including those proposed for robots, are sound reinforcement learners and not merely heuristics.","[CITE:Boyajian2020] provide a formal convergence analysis of projective simulation (PS), the episodic-memory learning model of [CITE:Briegel2012] that admits quantum speed-ups in deliberation. They prove that a modified PS variant converges to optimal behaviour in a broad class of Markov decision processes. This review cites it as the theoretical guarantee that PS-based agents, including those proposed for robots, are sound reinforcement learners and not merely heuristics.",
Flamini2020,Flamini et al. (2020),background,Abstract,"Flamini et al. (2020) present a blueprint for a photonic learning machine that implements reinforcement-learning algorithms (SARSA, Q-learning and projective simulation) through single-photon evolution on a mesh of tunable beam splitters. Numerical studies in standard RL environments show that realistic experimental noise can be tolerated or even helpful. This review cites it as a concrete near-term hardware route for quantum-compatible learning agents.","[CITE:Flamini2020] present a blueprint for a photonic learning machine that implements reinforcement-learning algorithms (SARSA, Q-learning and projective simulation) through single-photon evolution on a mesh of tunable beam splitters. Numerical studies in standard RL environments show that realistic experimental noise can be tolerated or even helpful. This review cites it as a concrete near-term hardware route for quantum-compatible learning agents.",
Chen2020,Chen et al. (2020),excluded (E5),Full text,"Chen et al. (2020) investigate whether variational quantum circuits (VQCs) suitable for noisy intermediate-scale quantum (NISQ) devices can replace the neural network in deep Q-learning. They recast experience replay and the target network in a hybrid scheme where a VQC with computational-basis encoding approximates the Q-function, qubit expectation values give action values, and a classical optimiser trains the circuit parameters. The agents are tested on a 4×4 Frozen Lake grid (three configurations) and a cognitive-radio channel-selection task, simulated with PennyLane and with Qiskit Aer using noise models from an IBM Q 20-qubit machine; trained models were also run for five episodes on the IBM Q device ibmq-valencia. In Frozen Lake the circuit needs 28 parameters against 64 table entries for tabular Q-learning (a 56.25% reduction), and in the cognitive-radio task the authors report scores close to 100 in under ten iterations even with noise, converging faster than a single-hidden-layer network from prior work. The environments are very small, the classical comparison is indirect (taken from other papers' figures), and hardware runs are limited to inference. For autonomous agents this is an early proof of principle that genuinely quantum circuits can serve as RL function approximators, not evidence of practical advantage.","[CITE:Chen2020] investigate whether variational quantum circuits (VQCs) suitable for noisy intermediate-scale quantum (NISQ) devices can replace the neural network in deep Q-learning. They recast experience replay and the target network in a hybrid scheme where a VQC with computational-basis encoding approximates the Q-function, qubit expectation values give action values, and a classical optimiser trains the circuit parameters. The agents are tested on a 4×4 Frozen Lake grid (three configurations) and a cognitive-radio channel-selection task, simulated with PennyLane and with Qiskit Aer using noise models from an IBM Q 20-qubit machine; trained models were also run for five episodes on the IBM Q device ibmq-valencia. In Frozen Lake the circuit needs 28 parameters against 64 table entries for tabular Q-learning (a 56.25% reduction), and in the cognitive-radio task the authors report scores close to 100 in under ten iterations even with noise, converging faster than a single-hidden-layer network from prior work. The environments are very small, the classical comparison is indirect (taken from other papers' figures), and hardware runs are limited to inference. For autonomous agents this is an early proof of principle that genuinely quantum circuits can serve as RL function approximators, not evidence of practical advantage.",
Saggio2021,Saggio et al. (2021),background,Abstract,"Saggio et al. (2021) report an experiment in which a reinforcement-learning agent learns faster because it interacts with its environment through a quantum communication channel, combined with classical communication to evaluate and control the improvement. The protocol runs on an integrated nanophotonic processor with telecom-wavelength photons and fast active feedback. This review cites it as the first experimental demonstration of reduced learning time for a quantum-enhanced agent, contrasting with purely theoretical speed-ups.","[CITE:Saggio2021] report an experiment in which a reinforcement-learning agent learns faster because it interacts with its environment through a quantum communication channel, combined with classical communication to evaluate and control the improvement. The protocol runs on an integrated nanophotonic processor with telecom-wavelength photons and fast active feedback. This review cites it as the first experimental demonstration of reduced learning time for a quantum-enhanced agent, contrasting with purely theoretical speed-ups.",DOI 10.1038/s41586-021-03242-7 confirmed on the Nature page.
Jerbi2021,Jerbi et al. (2021),excluded (E5),Full text,"Jerbi et al. (2021) address two open problems for quantum reinforcement learning: no parametrised quantum circuit (PQC) policy had solved standard benchmarks, and no learning advantage over classical agents had been proven. They define RAW-PQC policies (action probabilities from Born-rule measurements) and SOFTMAX-PQC policies (a softmax over expectation values of trainable weighted observables), use data re-uploading with trainable input scaling, and train them with REINFORCE-style policy gradients, deriving how gradients can be estimated on a quantum device. In classically simulated experiments on CartPole-v1, MountainCar-v0 and Acrobot-v1 (2 to 6 qubits; 20 agents per learning curve), SOFTMAX-PQC agents learn substantially better than RAW-PQC agents and reach performance comparable to standard deep neural networks. They also construct PQC-generated environments on which DNN policies (best of depths 2–10, widths 8–64) perform poorly while SOFTMAX-PQC agents learn close-to-optimal policies, and prove a separation between PQC agents and any classical learner in environments built on the discrete logarithm problem. The limitations are that benchmark gains are not advantages, the separating tasks are artificial, and no hardware is used. The paper is a key reference for the claim that quantum policies may, in principle, offer agents capabilities classical learners lack.","[CITE:Jerbi2021] address two open problems for quantum reinforcement learning: no parametrised quantum circuit (PQC) policy had solved standard benchmarks, and no learning advantage over classical agents had been proven. They define RAW-PQC policies (action probabilities from Born-rule measurements) and SOFTMAX-PQC policies (a softmax over expectation values of trainable weighted observables), use data re-uploading with trainable input scaling, and train them with REINFORCE-style policy gradients, deriving how gradients can be estimated on a quantum device. In classically simulated experiments on CartPole-v1, MountainCar-v0 and Acrobot-v1 (2 to 6 qubits; 20 agents per learning curve), SOFTMAX-PQC agents learn substantially better than RAW-PQC agents and reach performance comparable to standard deep neural networks. They also construct PQC-generated environments on which DNN policies (best of depths 2–10, widths 8–64) perform poorly while SOFTMAX-PQC agents learn close-to-optimal policies, and prove a separation between PQC agents and any classical learner in environments built on the discrete logarithm problem. The limitations are that benchmark gains are not advantages, the separating tasks are artificial, and no hardware is used. The paper is a key reference for the claim that quantum policies may, in principle, offer agents capabilities classical learners lack.",
Wei2022,Wei et al. (2022),application,Abstract,"Wei et al. (2022) propose deep reinforcement learning with quantum-inspired experience replay (DRL-QER), a classical training scheme that changes how transitions are sampled from the replay buffer. Each stored transition is given a quantum-like representation, a qubit-style amplitude, which is modified by a 'preparation' operation, relating its temporal-difference error to its importance in a manner inspired by amplitude amplification, and by a 'depreciation' operation that lowers the priority of transitions already replayed many times to preserve diversity. Sampling probabilities follow from these amplitudes, so the method adaptively balances exploration and exploitation in the choice of experiences. The authors evaluate DRL-QER on Atari 2600 games against prioritised experience replay (DRL-PER) and DCRL, and report in the abstract that it outperforms these methods on most games with improved training efficiency, and that it can be combined with double and dueling network architectures. No quantum hardware is involved; the 'quantum' element is a sampling heuristic whose advantage depends on tuning and has been shown mainly on game benchmarks. For autonomous agents it is a practical example of quantum-inspired ideas improving the sample efficiency of deep RL, continuing the line of Dong et al. (2008).","[CITE:Wei2022] propose deep reinforcement learning with quantum-inspired experience replay (DRL-QER), a classical training scheme that changes how transitions are sampled from the replay buffer. Each stored transition is given a quantum-like representation, a qubit-style amplitude, which is modified by a 'preparation' operation, relating its temporal-difference error to its importance in a manner inspired by amplitude amplification, and by a 'depreciation' operation that lowers the priority of transitions already replayed many times to preserve diversity. Sampling probabilities follow from these amplitudes, so the method adaptively balances exploration and exploitation in the choice of experiences. The authors evaluate DRL-QER on Atari 2600 games against prioritised experience replay (DRL-PER) and DCRL, and report in the abstract that it outperforms these methods on most games with improved training efficiency, and that it can be combined with double and dueling network architectures. No quantum hardware is involved; the 'quantum' element is a sampling heuristic whose advantage depends on tuning and has been shown mainly on game benchmarks. For autonomous agents it is a practical example of quantum-inspired ideas improving the sample efficiency of deep RL, continuing the line of [CITE:Dong2008].",
Skolik2022,Skolik et al. (2022),excluded (E5),Full text,"Skolik et al. (2022) study whether parametrised quantum circuits (PQCs) can serve as Q-function approximators in deep Q-learning and which architectural choices matter. Their hybrid agent uses data re-uploading, trainable input weights and, crucially, trainable output weights on the observables, because a PQC's output range is bounded by its measurement operators while optimal Q-values may be large. Ablation studies are run on Frozen Lake v0 and Cart Pole v0 in classical simulation, followed by an extensive hyperparameter search over PQCs and two-layer neural networks. On Cart Pole, neither re-uploading nor input weights alone solved the task within 5000 episodes, while combining them did (at most 3000 and 600 episodes on average for two hyperparameter sets). The best average PQC (25 layers, 302 parameters) solved Cart Pole in about 500 episodes, versus about 250 for the best network (562 parameters); the best individual PQC (62 parameters) needed 206 episodes against 186 for a 1142-parameter network. The authors also extend a known quantum–classical separation to Q-value inference in restricted environments. Limitations include simulation only, tiny tasks and training instability as PQC size grows. For robot and agent learning, the paper clarifies that readout design, not qubit count, determines whether quantum Q-learners work at all.","[CITE:Skolik2022] study whether parametrised quantum circuits (PQCs) can serve as Q-function approximators in deep Q-learning and which architectural choices matter. Their hybrid agent uses data re-uploading, trainable input weights and, crucially, trainable output weights on the observables, because a PQC's output range is bounded by its measurement operators while optimal Q-values may be large. Ablation studies are run on Frozen Lake v0 and Cart Pole v0 in classical simulation, followed by an extensive hyperparameter search over PQCs and two-layer neural networks. On Cart Pole, neither re-uploading nor input weights alone solved the task within 5000 episodes, while combining them did (at most 3000 and 600 episodes on average for two hyperparameter sets). The best average PQC (25 layers, 302 parameters) solved Cart Pole in about 500 episodes, versus about 250 for the best network (562 parameters); the best individual PQC (62 parameters) needed 206 episodes against 186 for a 1142-parameter network. The authors also extend a known quantum–classical separation to Q-value inference in restricted environments. Limitations include simulation only, tiny tasks and training instability as PQC size grows. For robot and agent learning, the paper clarifies that readout design, not qubit count, determines whether quantum Q-learners work at all.",
Acuto2022,Acuto and Barill`a (2022),excluded (E5),Full text,"Acuto and Barill`a (2022) ask whether variational quantum circuits (VQCs) can reduce the model size of Soft Actor-Critic (SAC), a standard deep RL method for continuous robot control. They build a custom Box2D environment of a planar two-link robotic arm that must bring its end effector to a randomly placed target within 250 steps, and compare classical SAC with three hybrid variants: a VQC-based actor, VQC-based critics, and a full quantum SAC. Circuits use angle encoding with data re-uploading, are wrapped by classical layers and are simulated noiselessly in TensorFlow Quantum and Cirq. A hybrid actor (100 parameters) learned no better than a classical actor of similar size, and shrinking the classical critics prevented convergence, identifying the critic as the bottleneck. With hybrid critics (2600 parameters) the agent matched the classical learning curve with more than six times fewer parameters; the full quantum SAC (2700 parameters) converged, whereas a classical SAC with 3000 parameters did not and one with about 274k parameters did. Limitations are that all circuits are simulated without noise, the arm is a simple planar simulation, and parameter count is the only claimed advantage. For robotics, the paper illustrates the parameter-efficiency argument for quantum critics, not an advantage in wall-clock learning.","[CITE:Acuto2022] ask whether variational quantum circuits (VQCs) can reduce the model size of Soft Actor-Critic (SAC), a standard deep RL method for continuous robot control. They build a custom Box2D environment of a planar two-link robotic arm that must bring its end effector to a randomly placed target within 250 steps, and compare classical SAC with three hybrid variants: a VQC-based actor, VQC-based critics, and a full quantum SAC. Circuits use angle encoding with data re-uploading, are wrapped by classical layers and are simulated noiselessly in TensorFlow Quantum and Cirq. A hybrid actor (100 parameters) learned no better than a classical actor of similar size, and shrinking the classical critics prevented convergence, identifying the critic as the bottleneck. With hybrid critics (2600 parameters) the agent matched the classical learning curve with more than six times fewer parameters; the full quantum SAC (2700 parameters) converged, whereas a classical SAC with 3000 parameters did not and one with about 274k parameters did. Limitations are that all circuits are simulated without noise, the arm is a simple planar simulation, and parameter count is the only claimed advantage. For robotics, the paper illustrates the parameter-efficiency argument for quantum critics, not an advantage in wall-clock learning.",
Sinha2023,Sinha et al. (2025),excluded (E5),Full text,"Sinha et al. (2025) propose Nav-Q, a quantum-supported deep RL method for collision-free navigation of self-driving cars that uses quantum computation only during training, so no quantum hardware is needed on board. Nav-Q is an advantage actor-critic agent (based on a classical NavA2C baseline with feature encoder and LSTM) in which the critic is a parametrised quantum circuit, while the actor that drives at test time remains classical. It is trained and tested on the CARLA-CTS 1.0 benchmark of pedestrian-related critical traffic scenarios in the CARLA simulator, with circuits simulated in PennyLane. The chosen 4-qubit, 2-layer critic converged faster than NavA2C in the first 4000 of 10,000 episodes; over six initialisations Nav-Q had a higher mean area under the return curve (2440.6 vs 2362.95) and lower standard deviation (758.78 vs 902.73). Driving policies were similar: Nav-Q reached goals slightly faster, the classical agent had slightly fewer crashes and near-misses, and the safety index was equal. Training took about 7–18 days per configuration, and simulated gate and depolarising noise degraded training while increasing exploration. The work is a realistic autonomous-driving testbed for quantum RL, but it shows stability gains rather than better driving.","[CITE:Sinha2023] propose Nav-Q, a quantum-supported deep RL method for collision-free navigation of self-driving cars that uses quantum computation only during training, so no quantum hardware is needed on board. Nav-Q is an advantage actor-critic agent (based on a classical NavA2C baseline with feature encoder and LSTM) in which the critic is a parametrised quantum circuit, while the actor that drives at test time remains classical. It is trained and tested on the CARLA-CTS 1.0 benchmark of pedestrian-related critical traffic scenarios in the CARLA simulator, with circuits simulated in PennyLane. The chosen 4-qubit, 2-layer critic converged faster than NavA2C in the first 4000 of 10,000 episodes; over six initialisations Nav-Q had a higher mean area under the return curve (2440.6 vs 2362.95) and lower standard deviation (758.78 vs 902.73). Driving policies were similar: Nav-Q reached goals slightly faster, the classical agent had slightly fewer crashes and near-misses, and the safety index was equal. Training took about 7–18 days per configuration, and simulated gate and depolarising noise degraded training while increasing exploration. The work is a realistic autonomous-driving testbed for quantum RL, but it shows stability gains rather than better driving.","arXiv id 2311.12875 confirmed by the full text (v2, Dec 2023)."
Flamini2024,Flamini et al. (2024),background,Abstract,"Flamini et al. (2024) quantise projective simulation, an interpretable reinforcement-learning model whose decisions are random walks on a memory graph, using quantum walks of single photons in a lattice of tunable Mach–Zehnder interferometers trained with variational algorithms. In a transfer-learning example, the quantised agent exploits interference to gain capabilities beyond its classical counterpart. This review cites it for its argument that interference can be traced, supporting interpretable quantum learning agents.","[CITE:Flamini2024] quantise projective simulation, an interpretable reinforcement-learning model whose decisions are random walks on a memory graph, using quantum walks of single photons in a lattice of tunable Mach–Zehnder interferometers trained with variational algorithms. In a transfer-learning example, the quantised agent exploits interference to gain capabilities beyond its classical counterpart. This review cites it for its argument that interference can be traced, supporting interpretable quantum learning agents.",
Hohenfeld2024,Hohenfeld et al. (2024),excluded (E5),Full text,"Hohenfeld et al. (2024) test whether hybrid quantum deep RL, so far studied mostly on OpenAI Gym toys, scales to robot navigation. Parametrised quantum circuits with two encoding schemes (each state component on a separate qubit, or the whole state encoded consecutively on every qubit) serve as Q-function approximators in double deep Q-learning, with trainable output scaling, and are compared with classical neural-network baselines. The platform is a simulated Turtlebot 2 in three static grid-like environments (3×3, 4×4, 5×5, requiring roughly 20–45 steps) and a larger dynamic environment with lidar and moving obstacles; circuits are run in a noise-free simulator. Both quantum architectures solved all static tasks and, parameter for parameter, outperformed the networks: the best circuits had 444 and 480 parameters and matched networks about ten times larger in training steps, and with 300 parameters the circuits still solved the 5×5 task where equally small networks mostly failed. The classical baselines, however, trained faster and more stably, and outperformed both quantum models in the dynamic environment. The authors note their largest circuits have almost 200 gates per qubit and would not be viable on current hardware. This is a sober benchmark for quantum RL on robot tasks, showing parameter efficiency without practical advantage.","[CITE:Hohenfeld2024] test whether hybrid quantum deep RL, so far studied mostly on OpenAI Gym toys, scales to robot navigation. Parametrised quantum circuits with two encoding schemes (each state component on a separate qubit, or the whole state encoded consecutively on every qubit) serve as Q-function approximators in double deep Q-learning, with trainable output scaling, and are compared with classical neural-network baselines. The platform is a simulated Turtlebot 2 in three static grid-like environments (3×3, 4×4, 5×5, requiring roughly 20–45 steps) and a larger dynamic environment with lidar and moving obstacles; circuits are run in a noise-free simulator. Both quantum architectures solved all static tasks and, parameter for parameter, outperformed the networks: the best circuits had 444 and 480 parameters and matched networks about ten times larger in training steps, and with 300 parameters the circuits still solved the 5×5 task where equally small networks mostly failed. The classical baselines, however, trained faster and more stably, and outperformed both quantum models in the dynamic environment. The authors note their largest circuits have almost 200 gates per qubit and would not be viable on current hardware. This is a sober benchmark for quantum RL on robot tasks, showing parameter efficiency without practical advantage.",Page range 87217–87236 confirmed by the full text. Author order corrected (Hohenfeld first in the IEEE Access version).
Lukac2007,Lukac and Perkowski (2007),application,Abstract,"Lukac and Perkowski (2007) present an emotional model for Cynthea, a humanoid robot developed at Portland State University, organised in two levels. A cognitive level perceives the environment and executes behaviour scripts written in a robot command language, while an emotional level alters how those commands are executed, independently of their content, through string-rewriting operations such as repeating, modifying or deleting commands. The emotional level is modelled with quantum finite automata built from Hadamard and CNOT gates, over six emotional variables (anger, happiness, melancholy, depression, fear and contentment), so that superposition and entanglement generate less predictable, more lifelike behaviour; the quantum part runs on a software simulator, and dialogue relies on an existing chatbot system. As far as could be determined from the available text, no quantitative evaluation is reported and the authors describe the testing as partial. The quantum model is therefore a design proposal, and its behavioural benefit over a classical stochastic automaton is not demonstrated. The paper is nevertheless one of the earliest attempts to use quantum formalism, rather than quantum hardware, to drive robot affect, anticipating later quantum emotion models for robots (Yan et al. (2019)).","[CITE:Lukac2007] present an emotional model for Cynthea, a humanoid robot developed at Portland State University, organised in two levels. A cognitive level perceives the environment and executes behaviour scripts written in a robot command language, while an emotional level alters how those commands are executed, independently of their content, through string-rewriting operations such as repeating, modifying or deleting commands. The emotional level is modelled with quantum finite automata built from Hadamard and CNOT gates, over six emotional variables (anger, happiness, melancholy, depression, fear and contentment), so that superposition and entanglement generate less predictable, more lifelike behaviour; the quantum part runs on a software simulator, and dialogue relies on an existing chatbot system. As far as could be determined from the available text, no quantitative evaluation is reported and the authors describe the testing as partial. The quantum model is therefore a design proposal, and its behavioural benefit over a classical stochastic automaton is not demonstrated. The paper is nevertheless one of the earliest attempts to use quantum formalism, rather than quantum hardware, to drive robot affect, anticipating later quantum emotion models for robots ([CITE:Yan2019]).",Venue probably ISMVL 2007 (IEEE Xplore 4215942); DOI and pages not confirmed. Summary based on the abstract and secondary descriptions of an author-hosted PDF.
Aerts2011d,Aerts et al. (2011),application,Full text,"Aerts et al. (2011) is a short position paper that reviews the Brussels 'quantum interaction' programme and draws out its implications for artificial intelligence and robotics. The authors summarise how Hilbert-space and quantum-probability models, building on the SCoP (state–context–property) formalism, reproduce Hampton's membership-weight data on the conjunction and disjunction of concepts, including the Guppy (Pet-Fish) effect, and how related models address the disjunction effect and the Ellsberg paradox. From this they propose that human thought has two superposed layers: a classical logical layer and a non-Kolmogorovian quantum conceptual layer. For AI, they argue that tensor-product representations, as in Smolensky's binding proposal, could supply the word order and syntax that bag-of-words latent semantic analysis lacks. For robotics, they contrast the quantum-robot programme of Benioff (1998) and Dong et al. (2006), which relies on building real quantum computers, with the view that macroscopic, classically realised systems can carry quantum structure; they suggest that AI's shortfalls may stem from its reliance on classical computation. No new model, data or experiment is presented, and the claims about robotics remain speculative. The paper is nonetheless an early explicit statement of the idea that quantum-like cognition, rather than quantum hardware, could shape robot design.","[CITE:Aerts2011d] is a short position paper that reviews the Brussels 'quantum interaction' programme and draws out its implications for artificial intelligence and robotics. The authors summarise how Hilbert-space and quantum-probability models, building on the SCoP (state–context–property) formalism, reproduce Hampton's membership-weight data on the conjunction and disjunction of concepts, including the Guppy (Pet-Fish) effect, and how related models address the disjunction effect and the Ellsberg paradox. From this they propose that human thought has two superposed layers: a classical logical layer and a non-Kolmogorovian quantum conceptual layer. For AI, they argue that tensor-product representations, as in Smolensky's binding proposal, could supply the word order and syntax that bag-of-words latent semantic analysis lacks. For robotics, they contrast the quantum-robot programme of [CITE:Benioff1998] and [CITE:Dong2006], which relies on building real quantum computers, with the view that macroscopic, classically realised systems can carry quantum structure; they suggest that AI's shortfalls may stem from its reliance on classical computation. No new model, data or experiment is presented, and the claims about robotics remain speculative. The paper is nonetheless an early explicit statement of the idea that quantum-like cognition, rather than quantum hardware, could shape robot design.","Authors corrected: the reading list gave 'Bruza et al.'; the paper is by Aerts, Czachor and Sozzo, as confirmed by the full text (arXiv:1104.3345)."
Hangl2016,Hangl et al. (2016),application,Abstract,"Hangl et al. (2016) tackle generalisation in complex manipulation, such as bimanual or in-hand tasks, without large supervised datasets or complex controllers. Their idea is to keep simple controllers that work in a few specific situations and to have the robot 'play' with objects, using previously trained basis skills to estimate the state of the environment or to transform a novel situation into one where the solution is known; skills are organised hierarchically. Projective simulation (Briegel and De las Cuevas (2012)) serves as the learning mechanism, both for choosing which haptic sensing action to use and for choosing the preparatory skill given the perceived state. The approach is evaluated on a dual-arm robot in pick-and-place scenarios, notably grasping a book that may lie in different orientations and placing objects into a closed box, where the robot learned to use a flipping skill to open the lid. The authors report that sensing by sliding was far more reliable than poking or pressing, and roughly 80 roll-outs sufficed to reach 90% success in simulation based on real success rates. The state and skill sets are small and hand-designed and the learning is classical. It is an early demonstration of a quantum-compatible learning model (projective simulation) controlling a physical robot, later extended in Hangl et al. (2020).","[CITE:Hangl2016] tackle generalisation in complex manipulation, such as bimanual or in-hand tasks, without large supervised datasets or complex controllers. Their idea is to keep simple controllers that work in a few specific situations and to have the robot 'play' with objects, using previously trained basis skills to estimate the state of the environment or to transform a novel situation into one where the solution is known; skills are organised hierarchically. Projective simulation ([CITE:Briegel2012]) serves as the learning mechanism, both for choosing which haptic sensing action to use and for choosing the preparatory skill given the perceived state. The approach is evaluated on a dual-arm robot in pick-and-place scenarios, notably grasping a book that may lie in different orientations and placing objects into a closed box, where the robot learned to use a flipping skill to open the lid. The authors report that sensing by sliding was far more reliable than poking or pressing, and roughly 80 roll-outs sufficed to reach 90% success in simulation based on real success rates. The state and skill sets are small and hand-designed and the learning is classical. It is an early demonstration of a quantum-compatible learning model (projective simulation) controlling a physical robot, later extended in [CITE:Hangl2020].",DOI and pages not confirmed (arXiv:1603.00794; the author PDF indicates IROS 2016). Numbers taken from secondary descriptions; to be checked against the full text.
Yan2019,Yan et al. (2019),application,Abstract,"Yan et al. (2019) propose a quantum emotion space (QES) for representing and manipulating a robot's emotional state. Building on a pleasure–arousal style model extended with time, emotions are encoded as sequences of entangled qubits, so that an emotional trajectory appears as a curve inside a cuboid, and transitions between emotions are expressed as unitary transformation matrices. The authors argue that this encoding needs fewer resources than a classical representation and makes it easy to track and manipulate emotional transitions over time, for instance with an 'emotion sensor'; as a proof of concept they show an inverse operation, implemented with quantum NOT gates, that maps an 'anger' state to a 'relaxation' state. The motivation is anticipatory: quantum robots, alone or in hybrid systems, may eventually need native emotional representations for human–robot interaction. The work is purely formal. According to the abstract and available summary there are no simulations on a robot, no human participants and no comparison with classical affect models, and the claimed resource savings would only materialise on quantum hardware. It is cited as the starting point of a quantum-computing approach to robot emotion (Yan et al. (2021), Yan et al. (2021)), distinct from quantum-probability models of human affect.","[CITE:Yan2019] propose a quantum emotion space (QES) for representing and manipulating a robot's emotional state. Building on a pleasure–arousal style model extended with time, emotions are encoded as sequences of entangled qubits, so that an emotional trajectory appears as a curve inside a cuboid, and transitions between emotions are expressed as unitary transformation matrices. The authors argue that this encoding needs fewer resources than a classical representation and makes it easy to track and manipulate emotional transitions over time, for instance with an 'emotion sensor'; as a proof of concept they show an inverse operation, implemented with quantum NOT gates, that maps an 'anger' state to a 'relaxation' state. The motivation is anticipatory: quantum robots, alone or in hybrid systems, may eventually need native emotional representations for human–robot interaction. The work is purely formal. According to the abstract and available summary there are no simulations on a robot, no human participants and no comparison with classical affect models, and the claimed resource savings would only materialise on quantum hardware. It is cited as the starting point of a quantum-computing approach to robot emotion ([CITE:Yan2021b], [CITE:Yan2021c]), distinct from quantum-probability models of human affect.",
Moreira2020a,Moreira et al. (2020),application,Abstract,"Moreira et al. (2020) is an open peer commentary on Lieder and Griffiths' target article proposing resource-rational analysis, which explains cognitive biases as optimal use of limited computational resources. The authors argue for an alternative, unifying framework based on quantum probability that yields more general cognitive and decision models able to represent more information than classical ones. They outline the ingredients of such a quantum-like cognitive architecture: indefinite (superposed) belief states represented as vectors in a Hilbert space, beliefs expressed through rotated bases, contextuality in the sense that no single joint distribution covers all decision contexts, and interference effects that account for violations of classical probability such as the disjunction effect. The commentary refers to their earlier quantum-like Bayesian network work (Moreira and Wichert (2016)) and to literature on contextuality in human judgement. It presents no new model, data or evaluation, and its argument that quantum models are more economical than resource-rational ones is asserted rather than demonstrated. For autonomous agents it is useful as a short, citable statement of what a quantum-like decision architecture would comprise, and of how it positions itself relative to bounded and resource-rational accounts that dominate classical agent design.","[CITE:Moreira2020a] is an open peer commentary on Lieder and Griffiths' target article proposing resource-rational analysis, which explains cognitive biases as optimal use of limited computational resources. The authors argue for an alternative, unifying framework based on quantum probability that yields more general cognitive and decision models able to represent more information than classical ones. They outline the ingredients of such a quantum-like cognitive architecture: indefinite (superposed) belief states represented as vectors in a Hilbert space, beliefs expressed through rotated bases, contextuality in the sense that no single joint distribution covers all decision contexts, and interference effects that account for violations of classical probability such as the disjunction effect. The commentary refers to their earlier quantum-like Bayesian network work ([CITE:Moreira2016]) and to literature on contextuality in human judgement. It presents no new model, data or evaluation, and its argument that quantum models are more economical than resource-rational ones is asserted rather than demonstrated. For autonomous agents it is useful as a short, citable statement of what a quantum-like decision architecture would comprise, and of how it positions itself relative to bounded and resource-rational accounts that dominate classical agent design.","Open peer commentary on Lieder and Griffiths (resource-rational analysis), not a full article. Read via arXiv:1905.05176."
Lanza2020,Lanza et al. (2020),application,Full text,"Lanza et al. (2020) explore whether quantum-probability formalisms, specifically state superposition and interference, can model robot perception in the way quantum cognition models human bistable perception such as binocular rivalry. In a deliberately minimal case study, a stationary circular robot with a front and a back presence sensor observes a randomly moving object. The relative frequency of back-sensor events within a time window is encoded into a single qubit by a Y-axis rotation, so that the qubit state summarises the robot's two mutually exclusive percepts and repeated measurements recover their probabilities. The model was run both as a classical simulation of the circuit and on real quantum processors of the IBM Quantum Experience: the designed behaviour was reproduced in simulation, whereas actual quantum hardware showed notable errors, particularly for unbalanced probability distributions. The authors therefore recommend simulation-based, quantum-like implementations over current quantum backends. The study is a feasibility check with binary percepts, a single object and no comparison with classical probabilistic perception, so it does not show any benefit of the quantum-like representation. It is nonetheless one of the first explicit transfers of quantum cognition to robot perception and motivates the multisensory extension in Lanza et al. (2021).","[CITE:Lanza2020] explore whether quantum-probability formalisms, specifically state superposition and interference, can model robot perception in the way quantum cognition models human bistable perception such as binocular rivalry. In a deliberately minimal case study, a stationary circular robot with a front and a back presence sensor observes a randomly moving object. The relative frequency of back-sensor events within a time window is encoded into a single qubit by a Y-axis rotation, so that the qubit state summarises the robot's two mutually exclusive percepts and repeated measurements recover their probabilities. The model was run both as a classical simulation of the circuit and on real quantum processors of the IBM Quantum Experience: the designed behaviour was reproduced in simulation, whereas actual quantum hardware showed notable errors, particularly for unbalanced probability distributions. The authors therefore recommend simulation-based, quantum-like implementations over current quantum backends. The study is a feasibility check with binary percepts, a single object and no comparison with classical probabilistic perception, so it does not show any benefit of the quantum-like representation. It is nonetheless one of the first explicit transfers of quantum cognition to robot perception and motivates the multisensory extension in [CITE:Lanza2021].","Checked against the full text (arXiv:2006.02771v1, in the repository). Replaces three listed 'Lanza/Mastrogiovanni' items (2019, 2020, 2021) that could not be found."
Hangl2020,Hangl et al. (2020),application,Abstract,"Hangl et al. (2020) address how a robot can extend manipulation skills that initially work only in a narrow range of situations. The robot plays autonomously with objects, applying previously trained skills and behaviours to learn how to bring a situation into one for which a successful strategy is already known. Behaviour selection uses projective simulation (Briegel and De las Cuevas (2012)), a classical reinforcement-learning model based on random walks through an episodic and compositional memory; the experience collected during play also trains an environment model that is used for active learning and for composing novel preparatory behaviours. The approach is demonstrated on a real dual-arm robot across several manipulation tasks, including book grasping, grasping objects of different sizes by selecting grasp strategies, placement on shelves and tower disassembly; composition allows previously unsolvable tasks such as tower disassembly to be solved. Using success statistics from the real-world trials, simulations indicate that active learning improves learning speed by around 30%. The method remains classical, relies on hand-designed skill libraries, supervision for rewards and a fixed sense–prepare–execute structure, and its scalability to large state spaces is untested. It is the clearest example in the corpus of a quantum-compatible learning model running on a physical robot.","[CITE:Hangl2020] address how a robot can extend manipulation skills that initially work only in a narrow range of situations. The robot plays autonomously with objects, applying previously trained skills and behaviours to learn how to bring a situation into one for which a successful strategy is already known. Behaviour selection uses projective simulation ([CITE:Briegel2012]), a classical reinforcement-learning model based on random walks through an episodic and compositional memory; the experience collected during play also trains an environment model that is used for active learning and for composing novel preparatory behaviours. The approach is demonstrated on a real dual-arm robot across several manipulation tasks, including book grasping, grasping objects of different sizes by selecting grasp strategies, placement on shelves and tower disassembly; composition allows previously unsolvable tasks such as tower disassembly to be solved. Using success statistics from the real-world trials, simulations indicate that active learning improves learning speed by around 30%. The method remains classical, relies on hand-designed skill libraries, supervision for rewards and a fixed sense–prepare–execute structure, and its scalability to large state spaces is untested. It is the clearest example in the corpus of a quantum-compatible learning model running on a physical robot.",
Lanza2021,Lanza et al. (2021),application,Full text,"Lanza et al. (2021) generalise their single-qubit quantum-like perception model (Lanza et al. (2020)) to integrate several sensory inputs into a multidimensional representation of the world. Each of n normalised sensor readings is encoded into its own qubit by a Y-rotation, so the joint register holds a superposition over 2^n basis states whose measurement probabilities express the robot's confidence in each world configuration; 'query operators' are defined that re-assign the meaning of basis states so that the robot's degree of belief in a particular target state can be read out. The demonstration uses a camera-like sensor whose average RGB values are treated as three scalar sensors, giving a three-qubit model simulated in IBM Qiskit; the model was evaluated over a systematic sampling of the colour space with 10^6 simulated measurements per input, showing a definite but non-linear relation between encoded inputs and measurement outcomes. There is no physical robot, no temporal integration in this version, each query destroys the state, and no comparison with classical Bayesian or fuzzy sensor fusion is made. The contribution is conceptual and formal: it shows how quantum-like state representations and projective queries could express graded belief in robot perception, but not that they improve it.","[CITE:Lanza2021] generalise their single-qubit quantum-like perception model ([CITE:Lanza2020]) to integrate several sensory inputs into a multidimensional representation of the world. Each of n normalised sensor readings is encoded into its own qubit by a Y-rotation, so the joint register holds a superposition over 2^n basis states whose measurement probabilities express the robot's confidence in each world configuration; 'query operators' are defined that re-assign the meaning of basis states so that the robot's degree of belief in a particular target state can be read out. The demonstration uses a camera-like sensor whose average RGB values are treated as three scalar sensors, giving a three-qubit model simulated in IBM Qiskit; the model was evaluated over a systematic sampling of the colour space with 10^6 simulated measurements per input, showing a definite but non-linear relation between encoded inputs and measurement outcomes. There is no physical robot, no temporal integration in this version, each query destroys the state, and no comparison with classical Bayesian or fuzzy sensor fusion is made. The contribution is conceptual and formal: it shows how quantum-like state representations and projective queries could express graded belief in robot perception, but not that they improve it.","Checked against the full text (arXiv:2006.16404v1, in the repository). Replaces the listed 'Quantum-like cognitive architecture (TIAGo++ handover)', which does not exist."
Yan2021b,Yan et al. (2021),review,Abstract,"Yan et al. (2021) review artificial emotional intelligence for social robots, that is, methods that allow robots to recognise and express emotions in human–robot interaction. The review covers three areas: emotion classification, emotional robots, and emotion space modelling, including the authors' own quantum-computing-based emotion spaces and related work on the 'communication atmosphere' of multi-party interaction. It is intended as a compact compendium of progress in the field rather than a systematic review. This review cites it as the broader context for quantum emotion representations in robots (Yan et al. (2019), Yan et al. (2021)), showing how quantum encodings sit alongside classical dimensional emotion models, and as a pointer to the classical affective-computing baselines against which such proposals should be judged.","[CITE:Yan2021b] review artificial emotional intelligence for social robots, that is, methods that allow robots to recognise and express emotions in human–robot interaction. The review covers three areas: emotion classification, emotional robots, and emotion space modelling, including the authors' own quantum-computing-based emotion spaces and related work on the 'communication atmosphere' of multi-party interaction. It is intended as a compact compendium of progress in the field rather than a systematic review. This review cites it as the broader context for quantum emotion representations in robots ([CITE:Yan2019], [CITE:Yan2021c]), showing how quantum encodings sit alongside classical dimensional emotion models, and as a pointer to the classical affective-computing baselines against which such proposals should be judged.","Volume 100, article 104178 (April 2021) per the publisher's repository page."
Yan2021c,Yan et al. (2021),application,Abstract,"Yan et al. (2021) extend the quantum emotion space work of Yan et al. (2019) to companion robots by building on Plutchik's wheel of emotions, which arranges eight primary emotions with graded intensities. The authors define a quantum counterpart of the wheel model, in which emotional states are encoded in qubit registers arranged as a sequence of 'discs' forming an emotion space, and design quantum circuit schemes for generating an emotion and for transitions between emotions, so that changes of emotional state are realised as sequences of quantum gates. The motivation is that a quantum encoding can represent mixed and graded emotions compactly and may later run on quantum processors embedded in or connected to robots. We could not access the abstract or full text of this paper, only its title and figure captions, so the evaluation setting (simulation or hardware), any quantitative results and the exact circuit designs could not be verified. Like the earlier quantum emotion space, the approach appears to be a formal design without user studies or comparison with classical affect models. It is relevant to the survey as part of the quantum-computing strand of robot affect, which differs from quantum-probability models of human emotion and decision.","[CITE:Yan2021c] extend the quantum emotion space work of [CITE:Yan2019] to companion robots by building on Plutchik's wheel of emotions, which arranges eight primary emotions with graded intensities. The authors define a quantum counterpart of the wheel model, in which emotional states are encoded in qubit registers arranged as a sequence of 'discs' forming an emotion space, and design quantum circuit schemes for generating an emotion and for transitions between emotions, so that changes of emotional state are realised as sequences of quantum gates. The motivation is that a quantum encoding can represent mixed and graded emotions compactly and may later run on quantum processors embedded in or connected to robots. We could not access the abstract or full text of this paper, only its title and figure captions, so the evaluation setting (simulation or hardware), any quantitative results and the exact circuit designs could not be verified. Like the earlier quantum emotion space, the approach appears to be a formal design without user studies or comparison with classical affect models. It is relevant to the survey as part of the quantum-computing strand of robot affect, which differs from quantum-probability models of human emotion and decision.",Summary based on the title and figure captions only; full text needed.
Ho2022,Ho and Hoorn (2022),application,Full text,"Ho and Hoorn (2022) attempt a quantum-computational construction of robot affect intended to handle ambiguous emotional states, probabilistic decisions and parallel cognitive processes in human–robot interaction. Their Quantum Coppélia (Q-Coppélia) translates the fuzzy-logic Silicon Coppélia model, which simulates how a robot's attitude towards its user develops, into quantum logic. Psychological scales are represented as qubits, so that superposition captures indefinite affective states and controlled operations and entanglement capture coexisting, ambivalent appraisals; the framework covers feature encoding, relevance and valence appraisal, use intentions and the trade-off between involvement and distance. The paper presents the full circuitry of the framework and argues that it relates quantum algorithms to (neuro)psychological processes. The paper reports no empirical validation: no human data, no run on a robot, and no comparison with the original fuzzy system or a classical probabilistic model, and whether circuits were executed on a simulator or hardware is not clear. The contribution is therefore a formal design showing how an existing affective architecture for social robots could be mapped onto gate-based quantum computation. It is relevant to the survey as the most complete quantum rendering of an established robot-affect model.","[CITE:Ho2022] attempt a quantum-computational construction of robot affect intended to handle ambiguous emotional states, probabilistic decisions and parallel cognitive processes in human–robot interaction. Their Quantum Coppélia (Q-Coppélia) translates the fuzzy-logic Silicon Coppélia model, which simulates how a robot's attitude towards its user develops, into quantum logic. Psychological scales are represented as qubits, so that superposition captures indefinite affective states and controlled operations and entanglement capture coexisting, ambivalent appraisals; the framework covers feature encoding, relevance and valence appraisal, use intentions and the trade-off between involvement and distance. The paper presents the full circuitry of the framework and argues that it relates quantum algorithms to (neuro)psychological processes. The paper reports no empirical validation: no human data, no run on a robot, and no comparison with the original fuzzy system or a classical probabilistic model, and whether circuits were executed on a simulator or hardware is not clear. The contribution is therefore a formal design showing how an existing affective architecture for social robots could be mapped onto gate-based quantum computation. It is relevant to the survey as the most complete quantum rendering of an established robot-affect model.","Checked against the full text (Sci. Rep. 2022, in the repository): a design of quantum-logic circuits; no run on quantum hardware is reported."
Chella2022,Chella et al. (2022),excluded (E5),Full text,"Chella et al. (2022) formulate robot motion planning as a production system whose rule application in the recognise–act cycle is carried out by a quantum search. A mobile robot on a grid (taxicab) map with obstacles must find a sequence of moves to a goal; the move rules and a goal test are compiled from Boolean logic into reversible quantum circuits and embedded as the oracle of Grover's algorithm, so that all move sequences of a given length are searched in superposition. The authors work through a 2×2 map and a 4×4 map and propose circuit-level techniques, such as uncomputing to reuse qubits and adding trivial solutions to keep the solution ratio favourable. Because the full 4×4 circuit would need 54 qubits, they simulate a pruned 20-qubit instance with one Grover iteration in Qiskit Aer on a laptop; the two correct two-move paths receive clearly amplified probabilities. They argue analytically that the speed-up holds when the average branching factor exceeds the square root of the maximum branching factor, which their maps satisfy. Limitations are the tiny maps, noiseless simulation, a known static environment, and no comparison with classical planners in runtime. For robotics it is a concrete demonstration of what gate-based quantum planning currently costs in qubits.","[CITE:Chella2022] formulate robot motion planning as a production system whose rule application in the recognise–act cycle is carried out by a quantum search. A mobile robot on a grid (taxicab) map with obstacles must find a sequence of moves to a goal; the move rules and a goal test are compiled from Boolean logic into reversible quantum circuits and embedded as the oracle of Grover's algorithm, so that all move sequences of a given length are searched in superposition. The authors work through a 2×2 map and a 4×4 map and propose circuit-level techniques, such as uncomputing to reuse qubits and adding trivial solutions to keep the solution ratio favourable. Because the full 4×4 circuit would need 54 qubits, they simulate a pruned 20-qubit instance with one Grover iteration in Qiskit Aer on a laptop; the two correct two-move paths receive clearly amplified probabilities. They argue analytically that the speed-up holds when the average branching factor exceeds the square root of the maximum branching factor, which their maps satisfy. Limitations are the tiny maps, noiseless simulation, a known static environment, and no comparison with classical planners in runtime. For robotics it is a concrete demonstration of what gate-based quantum planning currently costs in qubits.",
Song2022,Song et al. (2022),application,Abstract,"Song et al. (2022) apply quantum cognition to a core autonomous-driving problem: estimating the intentions of pedestrians whose behaviour may be boundedly rational. They argue that classical models assume fully rational traffic participants, whereas real crossing decisions often violate classical probability. Using a quantum-like Bayesian (QLB) network, in which probabilities are obtained from complex amplitudes and interference terms modify the classical law of total probability, they model pedestrian crossing decisions. A case analysis is used to argue that the QLB model captures apparently unreasonable crossing behaviour better than a classical probability model, and a trajectory-prediction experiment on pedestrian trajectory data compares the QLB-based predictor with the data-driven Social-LSTM, reporting that QLB covers edge events in interactive scenes and is closer to real trajectories. All computation is quantum-like, on classical hardware. The exact datasets and error figures could not be verified here, and the interference parameters appear to be set rather than learned, which limits claims of generality; the scenarios are also limited to pedestrian crossing. The paper is one of the few applications of quantum-like Bayesian networks (cf. Moreira and Wichert (2016)) to a safety-critical perception-and-prediction problem for autonomous vehicles.","[CITE:Song2022] apply quantum cognition to a core autonomous-driving problem: estimating the intentions of pedestrians whose behaviour may be boundedly rational. They argue that classical models assume fully rational traffic participants, whereas real crossing decisions often violate classical probability. Using a quantum-like Bayesian (QLB) network, in which probabilities are obtained from complex amplitudes and interference terms modify the classical law of total probability, they model pedestrian crossing decisions. A case analysis is used to argue that the QLB model captures apparently unreasonable crossing behaviour better than a classical probability model, and a trajectory-prediction experiment on pedestrian trajectory data compares the QLB-based predictor with the data-driven Social-LSTM, reporting that QLB covers edge events in interactive scenes and is closer to real trajectories. All computation is quantum-like, on classical hardware. The exact datasets and error figures could not be verified here, and the interference parameters appear to be set rather than learned, which limits claims of generality; the scenarios are also limited to pedestrian crossing. The paper is one of the few applications of quantum-like Bayesian networks (cf. [CITE:Moreira2016]) to a safety-critical perception-and-prediction problem for autonomous vehicles.",Datasets and error metrics not checked against the full text; check before citing numbers.
Widdows2023,Widdows et al. (2023),application,Full text,"Widdows et al. (2023) show that some established quantum-probability models of human judgement can be written as small quantum circuits and executed on real quantum hardware. They build circuit components for question-order effects (non-commuting projections, illustrated with the Clinton–Gore poll, following question-order models such as Wang et al. (2014)), for 'subjective bias' via entanglement with an extra qubit, and for interference in disjunction effects, combining them into a circuit that reproduces the Prisoner's Dilemma pattern and, with other parameters, the two-stage gamble and Hawaii vacation problems of Shafir and Tversky (1992). All circuits use four qubits or fewer and were run with 10,000 shots on an 11-qubit IonQ trapped-ion machine. The Prisoner's Dilemma circuits reproduced the target defection probabilities (82%, 73% and 64% for partner betrays, cooperates or unknown) with a largest discrepancy of 0.37%, while order-effect circuits were within about 2–3% of expected values, comparable to the reported two-qubit gate fidelity. The authors stress that this is not a quantum advantage and not a claim that brains use qubits; parameters are set by hand from published effects rather than fitted to new data. For agent design, it offers reusable circuit 'components' for embedding quantum-like decision biases directly on quantum hardware.","[CITE:Widdows2023] show that some established quantum-probability models of human judgement can be written as small quantum circuits and executed on real quantum hardware. They build circuit components for question-order effects (non-commuting projections, illustrated with the Clinton–Gore poll, following question-order models such as [CITE:Wang2014]), for 'subjective bias' via entanglement with an extra qubit, and for interference in disjunction effects, combining them into a circuit that reproduces the Prisoner's Dilemma pattern and, with other parameters, the two-stage gamble and Hawaii vacation problems of [CITE:Shafir1992]. All circuits use four qubits or fewer and were run with 10,000 shots on an 11-qubit IonQ trapped-ion machine. The Prisoner's Dilemma circuits reproduced the target defection probabilities (82%, 73% and 64% for partner betrays, cooperates or unknown) with a largest discrepancy of 0.37%, while order-effect circuits were within about 2–3% of expected values, comparable to the reported two-qubit gate fidelity. The authors stress that this is not a quantum advantage and not a claim that brains use qubits; parameters are set by hand from published effects rather than fitted to new data. For agent design, it offers reusable circuit 'components' for embedding quantum-like decision biases directly on quantum hardware.",
Mannone2024,Mannone et al. (2024),application,Abstract,"Mannone et al. (2024) adopt the D'Ariano–Faggin view, in which thinking and consciousness are described by quantum-state dynamics and mental complexity by entanglement of 'qualia' states, and use it to model a robot's inner processing as a quantum–classical dialogue. Their case study is improvised robot dance: classical, periodic multisensory stimuli (visual and auditory, each encoded as calm or activating) are fed into a small quantum circuit representing the dancer's inner state, and measurement outcomes are mapped to a repertoire of poses. The authors report that the circuit uses three qubits with controlled-Hadamard and Toffoli gates and is run on the IBM Qiskit simulator; a second case study adds environmental feedback so that repeated cycles produce increasingly unpredictable sequences, which the authors interpret as creativity, and one run shows reduced activity when an excited state is stimulated further, read as sensory overload. The results are preliminary and illustrative: initial states are set by hand, stimuli are binary, and there is no evaluation of the resulting behaviour by observers or comparison with a classical stochastic controller. The paper is relevant as an example of quantum circuits used as a generative 'inner state' for expressive robot behaviour rather than as an optimiser.","[CITE:Mannone2024] adopt the D'Ariano–Faggin view, in which thinking and consciousness are described by quantum-state dynamics and mental complexity by entanglement of 'qualia' states, and use it to model a robot's inner processing as a quantum–classical dialogue. Their case study is improvised robot dance: classical, periodic multisensory stimuli (visual and auditory, each encoded as calm or activating) are fed into a small quantum circuit representing the dancer's inner state, and measurement outcomes are mapped to a repertoire of poses. The authors report that the circuit uses three qubits with controlled-Hadamard and Toffoli gates and is run on the IBM Qiskit simulator; a second case study adds environmental feedback so that repeated cycles produce increasingly unpredictable sequences, which the authors interpret as creativity, and one run shows reduced activity when an excited state is stimulated further, read as sensory overload. The results are preliminary and illustrative: initial states are set by hand, stimuli are binary, and there is no evaluation of the resulting behaviour by observers or comparison with a classical stochastic controller. The paper is relevant as an example of quantum circuits used as a generative 'inner state' for expressive robot behaviour rather than as an optimiser.",Robot platform (reported as Pepper) and circuit details taken from secondary descriptions; to be checked against the full text.
Daglarli2025,Daglarli (2025),application,Full text,"Daglarli (2025) proposes a brain-inspired cognitive architecture for an autonomous game agent that combines a computational prefrontal-cortex model (meta-cognition and situation awareness), a transformer-based deep reinforcement learning module, and quantum algorithms. Deutsch–Jozsa and Bernstein–Vazirani circuits are used during training to classify environmental states and extract bit patterns, and Grover's search is placed in the decision loop to amplify the probability of high-reward actions; all circuits are written in Qiskit and run on a classical simulator. The agent is evaluated in Minecraft (with the MineRL human-play dataset) on 'explorer', 'survivor' and mixed scenarios, comparing configurations with and without the quantum components. The abstract reports that the quantum-enhanced agent reaches an 80% task success rate about twice as fast and obtains roughly 15% higher cumulative reward than a classical deep RL baseline, with smaller gains in highly uncertain, reactive scenarios; much of the results section is qualitative, and details on runs and statistical testing are limited. Because the quantum routines are classically simulated, any 'speed-up' cannot be physical, and the role of Deutsch–Jozsa and Bernstein–Vazirani in learning is weakly motivated. The paper illustrates how quantum algorithms are being embedded in agent architectures, but its evidence should be read cautiously.","[CITE:Daglarli2025] proposes a brain-inspired cognitive architecture for an autonomous game agent that combines a computational prefrontal-cortex model (meta-cognition and situation awareness), a transformer-based deep reinforcement learning module, and quantum algorithms. Deutsch–Jozsa and Bernstein–Vazirani circuits are used during training to classify environmental states and extract bit patterns, and Grover's search is placed in the decision loop to amplify the probability of high-reward actions; all circuits are written in Qiskit and run on a classical simulator. The agent is evaluated in Minecraft (with the MineRL human-play dataset) on 'explorer', 'survivor' and mixed scenarios, comparing configurations with and without the quantum components. The abstract reports that the quantum-enhanced agent reaches an 80% task success rate about twice as fast and obtains roughly 15% higher cumulative reward than a classical deep RL baseline, with smaller gains in highly uncertain, reactive scenarios; much of the results section is qualitative, and details on runs and statistical testing are limited. Because the quantum routines are classically simulated, any 'speed-up' cannot be physical, and the role of Deutsch–Jozsa and Bernstein–Vazirani in learning is weakly motivated. The paper illustrates how quantum algorithms are being embedded in agent architectures, but its evidence should be read cautiously.","The PDF header gives Comput. Mater. Contin. 2025, 84(3), pages about 4511–4538; confirm volume, issue and pages on the DOI page. Headline numbers appear mainly in the abstract; treat with caution. Author: Evren Daglarli (Istanbul Technical University)."
DeCarolis2025,De Carolis et al. (2025),application,Full text,"De Carolis et al. (2025) present a short state-of-the-art review that forms the first task of QUADRI, an Italian project on quantum-enhanced human–robot interaction. Drawing on more than 35 papers published between 2021 and 2025, they group work into reviews and theoretical foundations, quantum-based cognitive models for robots (including Ho and Hoorn (2022), Mannone et al. (2024) and Widdows et al. (2023)), quantum and quantum-inspired emotion recognition and decision-making, and quantum approaches to path finding and navigation (including Hohenfeld et al. (2024)). The project aims to connect a social robot to a quantum simulator and to replace some reinforcement-learning and agent-based components with quantum search (e.g. Grover) and quantum machine learning, focusing on verbal interaction. The authors conclude that hardware limits on qubit numbers are the main common obstacle and that hybrid designs, perceiving the environment classically and processing selected information quantumly, are preferable for now. The paper offers no implementation or evaluation, mixes genuinely quantum, quantum-like and quantum-inspired methods without distinguishing them, and repeats some favourable claims uncritically. It is useful as a map of current social-robotics interest in quantum methods.","[CITE:DeCarolis2025] present a short state-of-the-art review that forms the first task of QUADRI, an Italian project on quantum-enhanced human–robot interaction. Drawing on more than 35 papers published between 2021 and 2025, they group work into reviews and theoretical foundations, quantum-based cognitive models for robots (including [CITE:Ho2022], [CITE:Mannone2024] and [CITE:Widdows2023]), quantum and quantum-inspired emotion recognition and decision-making, and quantum approaches to path finding and navigation (including [CITE:Hohenfeld2024]). The project aims to connect a social robot to a quantum simulator and to replace some reinforcement-learning and agent-based components with quantum search (e.g. Grover) and quantum machine learning, focusing on verbal interaction. The authors conclude that hardware limits on qubit numbers are the main common obstacle and that hybrid designs, perceiving the environment classically and processing selected information quantumly, are preferable for now. The paper offers no implementation or evaluation, mixes genuinely quantum, quantum-like and quantum-inspired methods without distinguishing them, and repeats some favourable claims uncritically. It is useful as a map of current social-robotics interest in quantum methods.","The ACM reference lists five authors: De Carolis, Loglisci, Miccoli, Palestra and Violante. Pages 151–155 in UMAP Adjunct '25."
Chella2026,Chella et al. (2026),application,Abstract,"Chella et al. (2026) propose a hybrid classical–quantum architecture for a teleo-reactive robot, i.e. an agent that must classify its perceived situation and select an action under uncertainty arising from sensor noise, ambiguous perceptual configurations or poorly separable action regions. A classical sensor vector is mapped into a quantum feature space in which learned concepts or rule-defined perceptual regions are stored as reference states, and similarities between the current perception and these references support action selection. Two implementations are evaluated offline on a public wall-following robot dataset: a quantum-kernel classifier using ZZ feature maps with a support-vector classifier, compared with a classical RBF kernel, and an illustrative circuit that encodes sensor conditions directly into qubits and selects actions by measurement after amplitude amplification. The authors report that configurations with two sensors performed better than four, and the circuit reached an accuracy of about 0.91 on the two-sensor test set, with errors concentrated near boundaries between action regions. The authors state explicitly that this is an offline proxy for reactive control, not a closed-loop controller and not evidence of quantum advantage. The paper extends the group's earlier quantum planner (Chella et al. (2022)) from deliberative planning to reactive perception–action mapping.","[CITE:Chella2026] propose a hybrid classical–quantum architecture for a teleo-reactive robot, i.e. an agent that must classify its perceived situation and select an action under uncertainty arising from sensor noise, ambiguous perceptual configurations or poorly separable action regions. A classical sensor vector is mapped into a quantum feature space in which learned concepts or rule-defined perceptual regions are stored as reference states, and similarities between the current perception and these references support action selection. Two implementations are evaluated offline on a public wall-following robot dataset: a quantum-kernel classifier using ZZ feature maps with a support-vector classifier, compared with a classical RBF kernel, and an illustrative circuit that encodes sensor conditions directly into qubits and selects actions by measurement after amplitude amplification. The authors report that configurations with two sensors performed better than four, and the circuit reached an accuracy of about 0.91 on the two-sensor test set, with errors concentrated near boundaries between action regions. The authors state explicitly that this is an offline proxy for reactive control, not a closed-loop controller and not evidence of quantum advantage. The paper extends the group's earlier quantum planner ([CITE:Chella2022]) from deliberative planning to reactive perception–action mapping.",Accuracy figures taken from secondary descriptions of the article; check against its Table 2 before citing.
Eisert1999,Eisert et al. (1999),background,Abstract,"Eisert et al. (1999) introduced a quantisation scheme for two-player games in which players' strategies act as local unitary operations on an entangled pair of qubits. Applied to the Prisoner's Dilemma, the scheme removes the dilemma when players may use quantum strategies. This review cites it as the origin of quantum game theory, on which later quantum game models of multi-agent interaction, such as automated-driving decisions, build.","[CITE:Eisert1999] introduced a quantisation scheme for two-player games in which players' strategies act as local unitary operations on an entangled pair of qubits. Applied to the Prisoner's Dilemma, the scheme removes the dilemma when players may use quantum strategies. This review cites it as the origin of quantum game theory, on which later quantum game models of multi-agent interaction, such as automated-driving decisions, build.",
MartinezMartinez2016,Martinez-Martinez and Sanchez-Burillo (2016),theory and evidence,Abstract,"Martinez-Martinez and Sanchez-Burillo (2016) model a decision-maker as an open quantum system whose choice probabilities arise as the stationary distribution of a quantum stochastic walk (QSW) on a 'cognitive network'. The network extends a classical decision tree: nodes are action–state combinations, connected components correspond to states of the world, and edge weights combine a profitability matrix built from Luce's choice axiom (with a discrimination parameter) and a belief-formation matrix. Dynamics follow a Lindblad–Kossakowski master equation, and a single parameter interpolates between purely unitary (quantum walk) and purely dissipative (classical random walk) evolution; uniqueness of the stationary state is proved via Spohn's theorem. A Prisoner's Dilemma case study shows that the model can reproduce violations of the sure-thing principle and of the law of total probability. The work is formal and illustrative, not fitted to new behavioural data, and it adds free parameters. For autonomous agents it offers a concrete open-system (Lindblad) decision mechanism that converges to a well-defined choice distribution, a template for agents that must settle on actions over time.","[CITE:MartinezMartinez2016] model a decision-maker as an open quantum system whose choice probabilities arise as the stationary distribution of a quantum stochastic walk (QSW) on a 'cognitive network'. The network extends a classical decision tree: nodes are action–state combinations, connected components correspond to states of the world, and edge weights combine a profitability matrix built from Luce's choice axiom (with a discrimination parameter) and a belief-formation matrix. Dynamics follow a Lindblad–Kossakowski master equation, and a single parameter interpolates between purely unitary (quantum walk) and purely dissipative (classical random walk) evolution; uniqueness of the stationary state is proved via Spohn's theorem. A Prisoner's Dilemma case study shows that the model can reproduce violations of the sure-thing principle and of the law of total probability. The work is formal and illustrative, not fitted to new behavioural data, and it adds free parameters. For autonomous agents it offers a concrete open-system (Lindblad) decision mechanism that converges to a well-defined choice distribution, a template for agents that must settle on actions over time.",
Yukalov2018,Yukalov et al. (2018),application,Abstract,"Yukalov et al. (2018) extend quantum decision theory (QDT; cf. Yukalov and Sornette (2011)) from single individuals to a society of interacting decision-makers taking decisions in multistep processes. Each agent evaluates prospects by two criteria: a utility factor (rational, classical part) and an attraction factor (quantum interference term reflecting subconscious attractiveness). Agents exchange information between steps, and this exchange progressively reduces the attraction (interference) term. The model yields three predictions about the dynamic disjunction effect: behaviour is initially probabilistic and deviates from utility-based choice; as information accumulates, prospect probabilities converge towards the utility factors; and repeated information sharing leads to a consensus. The authors report that these predictions agree closely with empirical observations on the dynamic disjunction effect, although the comparison relies on existing experimental results rather than a new study. The framework is quantum-like, being operator-based QP on classical computation, and its agent-interaction rules are stylised. For multi-agent AI, it gives an analytically tractable account of how communication between agents can damp irrational (interference-driven) choice and produce collective convergence.","[CITE:Yukalov2018] extend quantum decision theory (QDT; cf. [CITE:Yukalov2011]) from single individuals to a society of interacting decision-makers taking decisions in multistep processes. Each agent evaluates prospects by two criteria: a utility factor (rational, classical part) and an attraction factor (quantum interference term reflecting subconscious attractiveness). Agents exchange information between steps, and this exchange progressively reduces the attraction (interference) term. The model yields three predictions about the dynamic disjunction effect: behaviour is initially probabilistic and deviates from utility-based choice; as information accumulates, prospect probabilities converge towards the utility factors; and repeated information sharing leads to a consensus. The authors report that these predictions agree closely with empirical observations on the dynamic disjunction effect, although the comparison relies on existing experimental results rather than a new study. The framework is quantum-like, being operator-based QP on classical computation, and its agent-interaction rules are stylised. For multi-agent AI, it gives an analytically tractable account of how communication between agents can damp irrational (interference-driven) choice and produce collective convergence.",Read the arXiv version (1712.05734) abstract only.
Ried2019,Ried et al. (2019),application,Abstract,"Ried et al. (2019) propose modelling collective motion with learning agents rather than featureless self-propelled particles with pre-specified interaction rules. Each individual is a projective simulation (PS) agent (Briegel and De las Cuevas (2012)): percepts and actions are 'clips' in an episodic memory network, decisions are random walks over the network, and edge weights (h-values) are reinforced by reward with a forgetting (damping) term. In the marching-locust case study, agents in a one-dimensional ring world (80 cells, sensory range 5) perceive the net flow of nearby conspecifics, may either continue or turn around, and are rewarded for moving with the local majority. With N = 10, 40 and 70 agents the learned behaviour reproduces the known density-dependent regimes: disordered motion, alignment with periodic switching, and stable long-term alignment; individual response probabilities converge within roughly 10² time-steps, and a Fokker–Planck analysis gives drift and diffusion coefficients that qualitatively match experimental locust data. PS here is a classical reinforcement-learning model whose design is inspired by quantum-walk ideas; no quantum hardware or QP is used. The setting is minimal (1-D, two actions). For robot swarms, it shows how interaction rules can emerge from individual reward rather than being hand-coded.","[CITE:Ried2019] propose modelling collective motion with learning agents rather than featureless self-propelled particles with pre-specified interaction rules. Each individual is a projective simulation (PS) agent ([CITE:Briegel2012]): percepts and actions are 'clips' in an episodic memory network, decisions are random walks over the network, and edge weights (h-values) are reinforced by reward with a forgetting (damping) term. In the marching-locust case study, agents in a one-dimensional ring world (80 cells, sensory range 5) perceive the net flow of nearby conspecifics, may either continue or turn around, and are rewarded for moving with the local majority. With N = 10, 40 and 70 agents the learned behaviour reproduces the known density-dependent regimes: disordered motion, alignment with periodic switching, and stable long-term alignment; individual response probabilities converge within roughly 10² time-steps, and a Fokker–Planck analysis gives drift and diffusion coefficients that qualitatively match experimental locust data. PS here is a classical reinforcement-learning model whose design is inspired by quantum-walk ideas; no quantum hardware or QP is used. The setting is minimal (1-D, two actions). For robot swarms, it shows how interaction rules can emerge from individual reward rather than being hand-coded.",Publisher page was not accessible; details taken from the PMC full-text copy (PMC6382133) and arXiv 1712.01334.
Khoshnoud2020,Khoshnoud et al. (2020),excluded (E5),Full text,"Khoshnoud et al. (2020) explore whether experimental quantum-optical resources can be embedded in cooperative multi-robot systems. The work is genuinely hardware-based rather than quantum-like: photonic components (laser diode, half-wave plates, polarising beam splitter, single-photon counters, and a spontaneous parametric down-conversion source with a BBO crystal producing 810 nm polarisation-entangled pairs) are mounted on classical mobile platforms (Arlo ground robots and a DJI Mavic 2 drone), with Pixy2 cameras and servo motors keeping the optical path aligned. Two demonstrations are described. In the first, a BB84-style polarisation protocol between an 'Alice' and a 'Bob' robot yields binary outcomes that are mapped directly to motion commands on the onboard microcontrollers, with an eavesdropper robot illustrating intrusion detection. In the second, coincidence detection of entangled photon pairs on two robots triggers identical actions under a leader robot. The paper is largely a tutorial and concept demonstration: it reports no quantitative performance data (key rates, error rates, alignment accuracy or latency), and some demonstrations use attenuated laser pulses rather than true single photons. Claims of 'very fast' entanglement-based coordination should be read against the no-signalling theorem, which the paper does not discuss. For autonomous agents, it remains one of the few physical demonstrations of quantum communication hardware on moving robots, useful as a contrast to quantum-like cognitive models.","[CITE:Khoshnoud2020] explore whether experimental quantum-optical resources can be embedded in cooperative multi-robot systems. The work is genuinely hardware-based rather than quantum-like: photonic components (laser diode, half-wave plates, polarising beam splitter, single-photon counters, and a spontaneous parametric down-conversion source with a BBO crystal producing 810 nm polarisation-entangled pairs) are mounted on classical mobile platforms (Arlo ground robots and a DJI Mavic 2 drone), with Pixy2 cameras and servo motors keeping the optical path aligned. Two demonstrations are described. In the first, a BB84-style polarisation protocol between an 'Alice' and a 'Bob' robot yields binary outcomes that are mapped directly to motion commands on the onboard microcontrollers, with an eavesdropper robot illustrating intrusion detection. In the second, coincidence detection of entangled photon pairs on two robots triggers identical actions under a leader robot. The paper is largely a tutorial and concept demonstration: it reports no quantitative performance data (key rates, error rates, alignment accuracy or latency), and some demonstrations use attenuated laser pulses rather than true single photons. Claims of 'very fast' entanglement-based coordination should be read against the no-signalling theorem, which the paper does not discuss. For autonomous agents, it remains one of the few physical demonstrations of quantum communication hardware on moving robots, useful as a contrast to quantum-like cognitive models.","Venue details to be confirmed (repository copy: arXiv 2008.12230v1, without journal volume or pages). The paper reports no quantitative results."
LopezIncera2020,Lopez-Incera et al. (2020),application,Abstract,"Lopez-Incera et al. (2020) use projective simulation (PS; Briegel and De las Cuevas (2012)), a transparent reinforcement-learning model with episodic and compositional memory, to study how swarm behaviour develops under different foraging pressures. Each of 60 agents in a one-dimensional circular world (500 positions) perceives neighbour density and orientation within a visual range of six positions (25 percepts), chooses to continue or turn around, and is rewarded for reaching a food source placed at varying distance. Training runs for 10,000 trials per scenario. When food is distant (e.g. 21 positions), strongly aligned swarms emerge (alignment order parameter around 0.8 or higher) after roughly 200 trials; when food is near, agents remain weakly aligned (about 0.2). Individual trajectories differ accordingly: distant-resource agents show composite correlated random walks resembling Lévy walks, whereas nearby-resource agents show mainly Brownian motion. As in Ried et al. (2019), PS is a classical algorithm with quantum-walk motivation; quantum speed-ups are not exercised. Limitations are the 1-D world, binary actions and a single reward type. For robotics, it shows that collective strategies suited to the task (search versus exploitation) can be learned rather than prescribed, with an interpretable policy.","[CITE:LopezIncera2020] use projective simulation (PS; [CITE:Briegel2012]), a transparent reinforcement-learning model with episodic and compositional memory, to study how swarm behaviour develops under different foraging pressures. Each of 60 agents in a one-dimensional circular world (500 positions) perceives neighbour density and orientation within a visual range of six positions (25 percepts), chooses to continue or turn around, and is rewarded for reaching a food source placed at varying distance. Training runs for 10,000 trials per scenario. When food is distant (e.g. 21 positions), strongly aligned swarms emerge (alignment order parameter around 0.8 or higher) after roughly 200 trials; when food is near, agents remain weakly aligned (about 0.2). Individual trajectories differ accordingly: distant-resource agents show composite correlated random walks resembling Lévy walks, whereas nearby-resource agents show mainly Brownian motion. As in [CITE:Ried2019], PS is a classical algorithm with quantum-walk motivation; quantum speed-ups are not exercised. Limitations are the 1-D world, binary actions and a single reward type. For robotics, it shows that collective strategies suited to the task (search versus exploitation) can be learned rather than prescribed, with an interpretable policy.",Details taken from the PMC full-text copy (PMC7748156) and arXiv 2004.00552; publisher page was not accessible.
Lawless2020,Lawless (2020),application,Abstract,"Lawless (2020) argues that no adequate mathematics yet exists for designing and safely operating autonomous human–machine teams (A-HMTs), and that rational, individual-level models fail under the uncertainty in which such teams operate. He proposes interdependence theory with quantum-like properties: bistability (an analogue of wave–particle duality, e.g. two competing interpretations of reality), a measurement problem (measuring one aspect of a team increases uncertainty about its complement) and non-factorability (team performance cannot be decomposed into individual contributions, an analogue of entanglement and the no-cloning theorem). The argument draws on entropy production and Kullback–Leibler divergence and is contrasted with six field case studies, including the USS Greeneville and USS McCain collisions, the USS Vincennes incident and the Uber autonomous-vehicle fatality. A central claim is that a machine teammate must be able to explain itself to humans in causal language. The paper is conceptual; the quantum analogies are not formalised as a fitted QP model, and the case studies are interpreted qualitatively. For autonomous systems it frames why team-level, context-dependent models, rather than aggregation of individual models, may be needed for trustworthy human–machine teaming.","[CITE:Lawless2020] argues that no adequate mathematics yet exists for designing and safely operating autonomous human–machine teams (A-HMTs), and that rational, individual-level models fail under the uncertainty in which such teams operate. He proposes interdependence theory with quantum-like properties: bistability (an analogue of wave–particle duality, e.g. two competing interpretations of reality), a measurement problem (measuring one aspect of a team increases uncertainty about its complement) and non-factorability (team performance cannot be decomposed into individual contributions, an analogue of entanglement and the no-cloning theorem). The argument draws on entropy production and Kullback–Leibler divergence and is contrasted with six field case studies, including the USS Greeneville and USS McCain collisions, the USS Vincennes incident and the Uber autonomous-vehicle fatality. A central claim is that a machine teammate must be able to explain itself to humans in causal language. The paper is conceptual; the quantum analogies are not formalised as a fitted QP model, and the case studies are interpreted qualitatively. For autonomous systems it frames why team-level, context-dependent models, rather than aggregation of individual models, may be needed for trustworthy human–machine teaming.",
Waddup2021,Waddup et al. (2021),theory and evidence,Abstract,"Waddup et al. (2021) define sensitivity to context for two agents each answering two binary questions: responses to one agent's question depend on which question the other agent faces, so that the joint probabilities cannot be represented by a single four-way distribution. They report two experiments with a Prisoner's-Dilemma-like task constructed without a Nash equilibrium; Experiment 1 recruited 100 participants. Behaviour showed sensitivity to context, adding to evidence that such games can be built so that choices are inconsistent with baseline classical probability and with decisions revealing pre-existing values. Two closely matched models, one classical and one quantum, were fitted, and the quantum model fitted better; in it, context sensitivity coincides with (epiphenomenal) entanglement. The effect is shown in one task family, and the classical comparison model is a baseline rather than an exhaustive alternative. For multi-agent AI and human–robot interaction, the result indicates that a partner's choice may depend on the joint question context, which matters when agents predict human responses in interactive settings.","[CITE:Waddup2021] define sensitivity to context for two agents each answering two binary questions: responses to one agent's question depend on which question the other agent faces, so that the joint probabilities cannot be represented by a single four-way distribution. They report two experiments with a Prisoner's-Dilemma-like task constructed without a Nash equilibrium; Experiment 1 recruited 100 participants. Behaviour showed sensitivity to context, adding to evidence that such games can be built so that choices are inconsistent with baseline classical probability and with decisions revealing pre-existing values. Two closely matched models, one classical and one quantum, were fitted, and the quantum model fitted better; in it, context sensitivity coincides with (epiphenomenal) entanglement. The effect is shown in one task family, and the classical comparison model is a baseline rather than an exhaustive alternative. For multi-agent AI and human–robot interaction, the result indicates that a partner's choice may depend on the joint question context, which matters when agents predict human responses in interactive settings.",Corrected record: the reading-list entry 'Sequence effects and quantum models of constructive memory/judgment' (J Math Psych 2021) does not exist; this is the matching paper.
Yan2021a,Yan et al. (2021),application,Full text,"Yan et al. (2021) propose a quantum affective computing (QAC) framework in which a robot's emotion is a single-qubit state |E(ξ)⟩ = cos ξ|0⟩ + sin ξ|1⟩, with the angle ξ placing the emotion on a bipolar spectrum. Standard gates acquire affective readings: X inverts an emotion, Z negates its angle, H 'neutralises' it, and Ry rotations increase or decrease emotional intensity; measurement statistics recover the emotion as a probability distribution. For groups, the authors adopt an image-style encoding (akin to flexible quantum image representations) in which robots on a 2ⁿ × 2ⁿ lattice are indexed by 2n position qubits entangled with one emotion qubit, so that 2n + 1 qubits hold the fused emotion of all robots, and controlled rotations change the emotions of chosen sub-regions in one operation. The demonstrations are small classical simulations, for example 64 robots on an 8 × 8 lattice split into quadrants, showing probability distributions before and after controlled rotations. The paper itself notes that state preparation costs O(2⁴ⁿ) elementary operations and that read-out requires many repeated measurements, which offsets the claimed qubit economy; no hardware runs, human data or behavioural validation are reported. This is a quantum-circuit formalism rather than a quantum-like cognitive model. For multi-robot systems it is a representative example of mapping affective state onto circuits, useful mainly as a design sketch.","[CITE:Yan2021a] propose a quantum affective computing (QAC) framework in which a robot's emotion is a single-qubit state |E(ξ)⟩ = cos ξ|0⟩ + sin ξ|1⟩, with the angle ξ placing the emotion on a bipolar spectrum. Standard gates acquire affective readings: X inverts an emotion, Z negates its angle, H 'neutralises' it, and Ry rotations increase or decrease emotional intensity; measurement statistics recover the emotion as a probability distribution. For groups, the authors adopt an image-style encoding (akin to flexible quantum image representations) in which robots on a 2ⁿ × 2ⁿ lattice are indexed by 2n position qubits entangled with one emotion qubit, so that 2n + 1 qubits hold the fused emotion of all robots, and controlled rotations change the emotions of chosen sub-regions in one operation. The demonstrations are small classical simulations, for example 64 robots on an 8 × 8 lattice split into quadrants, showing probability distributions before and after controlled rotations. The paper itself notes that state preparation costs O(2⁴ⁿ) elementary operations and that read-out requires many repeated measurements, which offsets the claimed qubit economy; no hardware runs, human data or behavioural validation are reported. This is a quantum-circuit formalism rather than a quantum-like cognitive model. For multi-robot systems it is a representative example of mapping affective state onto circuits, useful mainly as a design sketch.",
Yun2022,Yun et al. (2022),excluded (E5),Full text,"Yun et al. (2022) extend variational quantum circuit (VQC) reinforcement learning to the multi-agent setting. Naively concatenating all agents' state–action pairs would require qubit counts that grow with the number of agents, and hence more noise on NISQ devices; the authors therefore adopt centralised training with decentralised execution (CTDE), giving each agent a VQC actor (softmax over measured expectation values) and using a single VQC centralised critic whose input is compressed by a rotation-gate state encoder. The method is evaluated in a simulated single-hop edge-to-cloud packet-offloading environment (two clouds, four edge agents, four qubits per actor/critic, 50 variational gates), implemented with torchquantum and PyTorch on a GPU rather than on quantum hardware, citing cloud latency. With 50 trainable parameters for all constrained models, the proposed QMARL reached a total reward of about −3.0 (90.9% 'achievability' after min–max normalisation) against −16.6 for a hybrid VQC-actor/classical-critic variant and −22.5 for a parameter-matched classical CTDE baseline; the headline claim is a 57.7% reward improvement. However, a classical baseline with more than 40K parameters scored −2.8 (91.5%), so the advantage holds only under an equal-parameter constraint. The study is a single, small, noiseless simulation without statistical repeats. For autonomous agents, it illustrates quantum-circuit (not quantum-like) policies and their current evidential limits.","[CITE:Yun2022] extend variational quantum circuit (VQC) reinforcement learning to the multi-agent setting. Naively concatenating all agents' state–action pairs would require qubit counts that grow with the number of agents, and hence more noise on NISQ devices; the authors therefore adopt centralised training with decentralised execution (CTDE), giving each agent a VQC actor (softmax over measured expectation values) and using a single VQC centralised critic whose input is compressed by a rotation-gate state encoder. The method is evaluated in a simulated single-hop edge-to-cloud packet-offloading environment (two clouds, four edge agents, four qubits per actor/critic, 50 variational gates), implemented with torchquantum and PyTorch on a GPU rather than on quantum hardware, citing cloud latency. With 50 trainable parameters for all constrained models, the proposed QMARL reached a total reward of about −3.0 (90.9% 'achievability' after min–max normalisation) against −16.6 for a hybrid VQC-actor/classical-critic variant and −22.5 for a parameter-matched classical CTDE baseline; the headline claim is a 57.7% reward improvement. However, a classical baseline with more than 40K parameters scored −2.8 (91.5%), so the advantage holds only under an equal-parameter constraint. The study is a single, small, noiseless simulation without statistical repeats. For autonomous agents, it illustrates quantum-circuit (not quantum-like) policies and their current evidential limits.","Authors completed. DOI and pages to be confirmed. Repository copy: arXiv preprint 2203.10443v1, not the ICDCS version."
Yukalov2022,Yukalov et al. (2022),application,Abstract,"Yukalov et al. (2022) study networks of agents operating under quantum decision theory, in which each agent evaluates alternatives by utility, attractiveness and the information available to it, so that choice is a multimodal process. Information reaches agents in two forms: direct agent-to-agent exchange and a collective information field generated by the whole society. For agents with short-term memory, decision probabilities often oscillate for a prolonged period before settling. Adding the collective information field smooths sharp variations in temporal behaviour, reduces oscillation amplitude, can remove oscillations entirely and forces convergence to fixed limits; the model also reproduces the dynamic disjunction effect. The work builds on Yukalov et al. (2018) and is analytical and numerical; no new behavioural data are collected and the communication structure is idealised. The formalism is quantum-like (QP maths on classical computation). For multi-agent AI, it suggests that a shared broadcast signal, such as a common operating picture, can stabilise otherwise oscillating collective decisions.","[CITE:Yukalov2022] study networks of agents operating under quantum decision theory, in which each agent evaluates alternatives by utility, attractiveness and the information available to it, so that choice is a multimodal process. Information reaches agents in two forms: direct agent-to-agent exchange and a collective information field generated by the whole society. For agents with short-term memory, decision probabilities often oscillate for a prolonged period before settling. Adding the collective information field smooths sharp variations in temporal behaviour, reduces oscillation amplitude, can remove oscillations entirely and forces convergence to fixed limits; the model also reproduces the dynamic disjunction effect. The work builds on [CITE:Yukalov2018] and is analytical and numerical; no new behavioural data are collected and the communication structure is idealised. The formalism is quantum-like (QP maths on classical computation). For multi-agent AI, it suggests that a shared broadcast signal, such as a common operating picture, can stabilise otherwise oscillating collective decisions.","Abstract read via RePEc; paraphrased, not verbatim."
Mannone2022,Mannone et al. (2022),excluded (E5),Full text,"Mannone et al. (2022) address the gap between individual robot behaviour and emergent swarm behaviour. They first sketch a category-theoretic classification relating 'ideal' swarms to existing implementations, then propose a block 'swarm matrix' whose diagonal sub-matrices describe isolated robots and whose off-diagonal blocks encode directed pairwise interactions (signal from robot i, reaction of robot j). To give one interaction term concrete form, they build a toy model of two robots moving along a line, each described by a position qubit and a 'reward found' qubit (four qubits in total). The rule that robot 2 joins robot 1 when robot 1 reports success is implemented as a reversible XNOR-like gate from two Toffoli gates, with input uncertainty set by Ry rotations. The circuit was run for 1024 shots on the IBM QASM simulator and on the IBM Bogotá quantum processor. The simulator matched the truth table exactly, whereas the hardware was very noisy: for the definite input |1⟩|1⟩, which should always give 1, the device returned 455 zeros and 569 ones. No comparison with classical swarm models, no physical robots and no scaling analysis are offered, and the only stated advantage (computational efficiency) is not demonstrated. For multi-robot autonomy, the paper is an early, explicitly toy-level attempt to express swarm interaction rules as gate-model quantum circuits on real hardware.","[CITE:Mannone2022] address the gap between individual robot behaviour and emergent swarm behaviour. They first sketch a category-theoretic classification relating 'ideal' swarms to existing implementations, then propose a block 'swarm matrix' whose diagonal sub-matrices describe isolated robots and whose off-diagonal blocks encode directed pairwise interactions (signal from robot i, reaction of robot j). To give one interaction term concrete form, they build a toy model of two robots moving along a line, each described by a position qubit and a 'reward found' qubit (four qubits in total). The rule that robot 2 joins robot 1 when robot 1 reports success is implemented as a reversible XNOR-like gate from two Toffoli gates, with input uncertainty set by Ry rotations. The circuit was run for 1024 shots on the IBM QASM simulator and on the IBM Bogotá quantum processor. The simulator matched the truth table exactly, whereas the hardware was very noisy: for the definite input |1⟩|1⟩, which should always give 1, the device returned 455 zeros and 569 ones. No comparison with classical swarm models, no physical robots and no scaling analysis are offered, and the only stated advantage (computational efficiency) is not demonstrated. For multi-robot autonomy, the paper is an early, explicitly toy-level attempt to express swarm interaction rules as gate-model quantum circuits on real hardware.","Author list (Mannone, Seidita, Chella) matches the full text. Evidence level borderline E2/E4 (toy circuit run on IBM hardware)."
Yukalov2023,Yukalov (2023),application,Abstract,"Yukalov (2023) reviews the principles on which artificial intelligence should be based if it is to imitate how humans who experience emotions actually take decisions. Two approaches are compared, the quantum-theoretic description of decision-making (quantum decision theory) and a formulation of affective decision-making in the language of classical probability; both are principally probabilistic and share several similarities. The paper elucidates analogies between quantum measurements under intrinsic noise and affective decision-making, treating emotions as a noise-like component that coexists with rational (cognitive) evaluation. It argues that an affective artificial intelligence that accounts for this cognition–emotion duality avoids many behavioural paradoxes of traditional decision theory, such as those violating expected-utility axioms. The contribution is theoretical and synthetic: no implementation, benchmark or agent evaluation is reported, and the practical architecture of such an AI is left open. For autonomous agents it offers a principled route to building emotion-sensitive decision modules whose probabilities remain well defined, which is relevant to agents that must predict or emulate human choices.","[CITE:Yukalov2023] reviews the principles on which artificial intelligence should be based if it is to imitate how humans who experience emotions actually take decisions. Two approaches are compared, the quantum-theoretic description of decision-making (quantum decision theory) and a formulation of affective decision-making in the language of classical probability; both are principally probabilistic and share several similarities. The paper elucidates analogies between quantum measurements under intrinsic noise and affective decision-making, treating emotions as a noise-like component that coexists with rational (cognitive) evaluation. It argues that an affective artificial intelligence that accounts for this cognition–emotion duality avoids many behavioural paradoxes of traditional decision theory, such as those violating expected-utility axioms. The contribution is theoretical and synthetic: no implementation, benchmark or agent evaluation is reported, and the practical architecture of such an AI is left open. For autonomous agents it offers a principled route to building emotion-sensitive decision modules whose probabilities remain well defined, which is relevant to agents that must predict or emulate human choices.",Abstract read via arXiv 2305.08112 (partial excerpts).
Lawless2023,Lawless et al. (2023),application,Full text,"Lawless et al. (2023) review the case for designing quantum-like algorithms that structure human–machine teams to reach maximum performance in open, real-world systems characterised by complexity, uncertainty and conflict. They contrast an individual approach, which aggregates the thoughts, behaviours and skills of team members and which, they argue, has produced few generalisable results and is affected by the replication crisis, with an interdependence approach. The latter is quantum-like: it allows bistability of mind and body, poses a measurement problem, and is non-factorable, so team performance cannot be decomposed into individual performances and the effective degrees of freedom are reduced. The paper surveys laboratory versus field team research, the relevant mathematics, and results from the authors' model in the open field, notably a trade-off in which low structural entropy production (cohesion) supports maximum entropy production (productivity). It is largely a review and position piece; the quantum-like formalism is analogical and the field evidence is drawn from the authors' earlier work rather than new controlled tests. For autonomous systems it motivates team-level, non-separable models of human–machine teaming.","[CITE:Lawless2023] review the case for designing quantum-like algorithms that structure human–machine teams to reach maximum performance in open, real-world systems characterised by complexity, uncertainty and conflict. They contrast an individual approach, which aggregates the thoughts, behaviours and skills of team members and which, they argue, has produced few generalisable results and is affected by the replication crisis, with an interdependence approach. The latter is quantum-like: it allows bistability of mind and body, poses a measurement problem, and is non-factorable, so team performance cannot be decomposed into individual performances and the effective degrees of freedom are reduced. The paper surveys laboratory versus field team research, the relevant mathematics, and results from the authors' model in the open field, notably a trade-off in which low structural entropy production (cohesion) supports maximum entropy production (productivity). It is largely a review and position piece; the quantum-like formalism is analogical and the field evidence is drawn from the authors' earlier work rather than new controlled tests. For autonomous systems it motivates team-level, non-separable models of human–machine teaming.","Checked against the full text (Entropy 2023, in the repository)."
Essalmi2025,Essalmi et al. (2025),application,Abstract,"Essalmi et al. (2025) address interaction-aware decision-making in automated driving, where neglecting or oversimplifying interactions with other road users can make the ego vehicle overly conservative. They propose two quantum game models, QG-U1 (a single-unitary formulation) and QG-G4 (a gate-based formulation), which extend classical two-player, two-strategy games with superposition, interference and entanglement in the Eisert–Wilkens–Lewenstein tradition (Eisert et al. (1999)). Both run in real time on a standard computer, so they are quantum-inspired classical simulations rather than quantum hardware. The models are evaluated in simulated merging and roundabout scenarios against classical game-theoretic methods and baselines (IDM, MOBIL and a utility-based technique). The authors report that QG-G4 achieves lower collision rates and higher success rates than the baselines, and that both quantum models yield higher expected payoffs than classical games under certain parameter settings. These findings need caution: an independent review reported that the collision results could not be reproduced, and the advantage is parameter-dependent and limited to two-agent, two-action games in simulation. For autonomous vehicles, the work is an early test of whether quantum game formalisms can encode interaction-aware negotiation.","[CITE:Essalmi2025] address interaction-aware decision-making in automated driving, where neglecting or oversimplifying interactions with other road users can make the ego vehicle overly conservative. They propose two quantum game models, QG-U1 (a single-unitary formulation) and QG-G4 (a gate-based formulation), which extend classical two-player, two-strategy games with superposition, interference and entanglement in the Eisert–Wilkens–Lewenstein tradition ([CITE:Eisert1999]). Both run in real time on a standard computer, so they are quantum-inspired classical simulations rather than quantum hardware. The models are evaluated in simulated merging and roundabout scenarios against classical game-theoretic methods and baselines (IDM, MOBIL and a utility-based technique). The authors report that QG-G4 achieves lower collision rates and higher success rates than the baselines, and that both quantum models yield higher expected payoffs than classical games under certain parameter settings. These findings need caution: an independent review reported that the collision results could not be reproduced, and the advantage is parameter-dependent and limited to two-agent, two-action games in simulation. For autonomous vehicles, the work is an early test of whether quantum game formalisms can encode interaction-aware negotiation.",An independent review reports that the collision results could not be reproduced; cite with care.
Lawless2025,Lawless and Moskowitz (2025),background,Abstract,"Lawless and Moskowitz (2025) is an editorial introducing an Entropy special issue on interdependent human–machine teams. It argues that interdependence protects against AI risks, that good team performance combines low structural entropy with high output entropy, and that genuine interdependence is quantum-like and non-separable. This review cites it as a recent statement of the Lawless programme alongside Lawless (2020) and Lawless et al. (2023).","[CITE:Lawless2025] is an editorial introducing an Entropy special issue on interdependent human–machine teams. It argues that interdependence protects against AI risks, that good team performance combines low structural entropy with high output entropy, and that genuine interdependence is quantum-like and non-separable. This review cites it as a recent statement of the Lawless programme alongside [CITE:Lawless2020] and [CITE:Lawless2023].","Editorial, not a research article."
Kong2026,Kong et al. (2026),application,Abstract,"Kong et al. (2026) ask why swarms form elongated longitudinal queues during long-distance navigation, noting that deep reinforcement learning models of collective behaviour are black boxes that hide the microscopic rules. They propose an interpretable model based on projective simulation with episodic and compositional memory (Briegel and De las Cuevas (2012)), in which each individual learns a decision policy on a transparent state–action network. In simulation, swarms self-organise into stable, highly elongated queues: polarisation converges to about 0.99 within 100 steps and the peak elongation ratio reaches 8.31 in steady-state navigation. Visualising the learned policies reveals a target-priority rule: when alignment with neighbours conflicts with the global target direction, individuals prioritise the target, and this drives queue formation. Action-space granularity has a nonlinear effect on stability, with moderate precision (15 actions) best; polarisation stays above 0.97 with sensory noise up to 30°, and the approach scales across groups of 30, 100 and 150. The model is classical and quantum-inspired only through the projective-simulation lineage, and it is tested in simulation only. For robot swarms it demonstrates an interpretable learned navigation policy whose rules can be inspected and verified.","[CITE:Kong2026] ask why swarms form elongated longitudinal queues during long-distance navigation, noting that deep reinforcement learning models of collective behaviour are black boxes that hide the microscopic rules. They propose an interpretable model based on projective simulation with episodic and compositional memory ([CITE:Briegel2012]), in which each individual learns a decision policy on a transparent state–action network. In simulation, swarms self-organise into stable, highly elongated queues: polarisation converges to about 0.99 within 100 steps and the peak elongation ratio reaches 8.31 in steady-state navigation. Visualising the learned policies reveals a target-priority rule: when alignment with neighbours conflicts with the global target direction, individuals prioritise the target, and this drives queue formation. Action-space granularity has a nonlinear effect on stability, with moderate precision (15 actions) best; polarisation stays above 0.97 with sensory noise up to 30°, and the approach scales across groups of 30, 100 and 150. The model is classical and quantum-inspired only through the projective-simulation lineage, and it is tested in simulation only. For robot swarms it demonstrates an interpretable learned navigation policy whose rules can be inspected and verified.",
Ashtiani2019,Ashtiani and Abdollahi Azgomi (2019),application,Abstract,"Ashtiani and Abdollahi Azgomi (2019) propose a trust evolution algorithm for computational trust models used in decision support systems, building on a quantum-like representation of trust. Trust in candidate trustees is encoded as probability amplitudes, and trust evolves by amplitude amplification inspired by Grover's quantum search algorithm, so that evidence from recommendations and interactions increases the amplitudes of trustworthy candidates and attenuates others. The algorithm is evaluated in simulated scenarios with ten trustee candidates and ten recommenders: recommendation-based trust, detection of malicious recommenders (three perfect, four normal, three malicious; the malicious recommenders' amplitudes fall to about 0.0009 after ten iterations), adaptation to a trustee who turns malicious after ten honest transactions, and accuracy comparison. The authors report lower mean absolute error and root mean square error than classical approaches including BLADE, TidalTrust, max–min, max–mean and Bayesian methods. The work runs entirely on classical computers; the Grover analogy is an update heuristic rather than a quantum speed-up. Scenarios are small and synthetic, with no human trust data. For multi-agent systems and human–machine teaming, it gives an early example of quantum-like trust updating that can be embedded in agents that decide whom to rely on.","[CITE:Ashtiani2019] propose a trust evolution algorithm for computational trust models used in decision support systems, building on a quantum-like representation of trust. Trust in candidate trustees is encoded as probability amplitudes, and trust evolves by amplitude amplification inspired by Grover's quantum search algorithm, so that evidence from recommendations and interactions increases the amplitudes of trustworthy candidates and attenuates others. The algorithm is evaluated in simulated scenarios with ten trustee candidates and ten recommenders: recommendation-based trust, detection of malicious recommenders (three perfect, four normal, three malicious; the malicious recommenders' amplitudes fall to about 0.0009 after ten iterations), adaptation to a trustee who turns malicious after ten honest transactions, and accuracy comparison. The authors report lower mean absolute error and root mean square error than classical approaches including BLADE, TidalTrust, max–min, max–mean and Bayesian methods. The work runs entirely on classical computers; the Grover analogy is an update heuristic rather than a quantum speed-up. Scenarios are small and synthetic, with no human trust data. For multi-agent systems and human–machine teaming, it gives an early example of quantum-like trust updating that can be embedded in agents that decide whom to rely on.",Publisher page not accessible; abstract and setup read from an academia.edu copy.
Luckcuck2019,Luckcuck et al. (2019),background,Abstract,"Luckcuck et al. (2019) survey formal specification and verification methods for autonomous robotic systems, classifying work by the challenges addressed (for example external and internal uncertainty, safety and human interaction) and by the formalisms and tools used, such as model checking, theorem proving and runtime verification. This review cites it as the classical reference point for verifying autonomous robots, relevant to assuring agents that use quantum-like decision models.","[CITE:Luckcuck2019] survey formal specification and verification methods for autonomous robotic systems, classifying work by the challenges addressed (for example external and internal uncertainty, safety and human interaction) and by the formalisms and tools used, such as model checking, theorem proving and runtime verification. This review cites it as the classical reference point for verifying autonomous robots, relevant to assuring agents that use quantum-like decision models.","Replaces the reading-list entry 'Dreossi et al. 2019, Safety verification in autonomous systems: a survey', which does not exist. Summary not yet checked against the source; it gives no numbers."
Dreossi2019,Dreossi et al. (2019),background,Abstract,"Dreossi et al. (2019) present VerifAI, a software toolkit for the formal design and analysis of systems with AI and machine-learning components. It combines environment modelling in the Scenic language with falsification, fuzz testing, counterexample-guided data augmentation and parameter synthesis, illustrated on autonomous-driving case studies. This review cites it as a classical tool for verifying learning-enabled autonomous systems.","[CITE:Dreossi2019] present VerifAI, a software toolkit for the formal design and analysis of systems with AI and machine-learning components. It combines environment modelling in the Scenic language with falsification, fuzz testing, counterexample-guided data augmentation and parameter synthesis, illustrated on autonomous-driving case studies. This review cites it as a classical tool for verifying learning-enabled autonomous systems.",The actual Dreossi et al. (2019) paper; the reading-list title was wrong. Summary not yet checked against the source; it gives no numbers.
Pushparaj2021,Pushparaj et al. (2021),application,Abstract,"Pushparaj et al. (2021) model air traffic controller (ATCO) trust in automation by combining two schools of thought on trust through the quantum principles of superposition and complementarity, so that both views are held simultaneously until a decision is made. The model was refined with behavioural indicators and verified with functional magnetic resonance imaging (fMRI) while ATCOs performed conflict-detection tasks aided by ATS-CAP, software that generates credible flight plans with visible waypoints and airports. The sample was very small, five participants including student and professional ATCOs, and each accepted the automation's advice in 40% of ambiguous cases. The authors argue that grounding the model in behavioural and neural data rather than self-report makes it more robust for ATCO trust under uncertainty than generalised questionnaire-based models. The approach is quantum-inspired, using superposition as a descriptive principle on classical data; the abstract gives no formal fit statistics, and the sample precludes generalisation. For human–automation teaming in safety-critical operations, it is one of the few studies linking a QP-style trust model to neuroimaging of professional operators.","[CITE:Pushparaj2021] model air traffic controller (ATCO) trust in automation by combining two schools of thought on trust through the quantum principles of superposition and complementarity, so that both views are held simultaneously until a decision is made. The model was refined with behavioural indicators and verified with functional magnetic resonance imaging (fMRI) while ATCOs performed conflict-detection tasks aided by ATS-CAP, software that generates credible flight plans with visible waypoints and airports. The sample was very small, five participants including student and professional ATCOs, and each accepted the automation's advice in 40% of ambiguous cases. The authors argue that grounding the model in behavioural and neural data rather than self-report makes it more robust for ATCO trust under uncertainty than generalised questionnaire-based models. The approach is quantum-inspired, using superposition as a descriptive principle on classical data; the abstract gives no formal fit statistics, and the sample precludes generalisation. For human–automation teaming in safety-critical operations, it is one of the few studies linking a QP-style trust model to neuroimaging of professional operators.",Very small sample (N = 5); details to be checked against the full text.
Humr2023,Humr et al. (2023),application,Abstract,"Humr et al. (2023) argue that as AI takes over parts of the decision space, human decision-makers must rationalise AI outputs and may struggle to form trust in them, and that existing analytical methods give only partial insight into trust. They propose a generative, open-system modelling approach in which trust is represented as a function of time by a single probability distribution, so that its temporal evolution can be captured. The paper is a short conference contribution in the Human Factors and Ergonomics Society proceedings; the abstract reports no participant numbers or fit statistics, and the approach is presented as having potential rather than as validated. The authors suggest that results could inform machine behaviours that steer human preferences towards Bayesian-optimal rationality in stressful decision settings. The model is quantum-like, drawing on open quantum system dynamics simulated classically. For human–AI teaming, it motivates dynamic trust models that could be embedded in adaptive AI decision aids.","[CITE:Humr2023] argue that as AI takes over parts of the decision space, human decision-makers must rationalise AI outputs and may struggle to form trust in them, and that existing analytical methods give only partial insight into trust. They propose a generative, open-system modelling approach in which trust is represented as a function of time by a single probability distribution, so that its temporal evolution can be captured. The paper is a short conference contribution in the Human Factors and Ergonomics Society proceedings; the abstract reports no participant numbers or fit statistics, and the approach is presented as having potential rather than as validated. The authors suggest that results could inform machine behaviours that steer human preferences towards Bayesian-optimal rationality in stressful decision settings. The model is quantum-like, drawing on open quantum system dynamics simulated classically. For human–AI teaming, it motivates dynamic trust models that could be embedded in adaptive AI decision aids.",Only the abstract was read; check the full text for any data and adjust the level.
Roeder2023,Roeder et al. (2023),application,Abstract,"Roeder et al. (2023) investigate how a person's judgements of an AI system's reliability evolve during interaction, with two aims: to compare quantum and Markov random-walk models of these judgements and to identify a neural correlate of perturbed reliability expectations. In a Wizard-of-Oz style experiment, seven adults classified face images (294 real, 294 AI-generated) as authentic or synthetic across 560 trials in 20 blocks, receiving manipulated feedback in which the 'AI' agreed or disagreed with them, and gave reliability ratings. The quantum random-walk model predicted the evolving ratings better than the Markov model, which the authors attribute to its capacity to represent the pronounced within-subject variability of ratings. EEG showed a clear event-related potential when reliability expectations were perturbed. The study is exploratory with a small sample, and the AI's behaviour was scripted rather than a real classifier. The model is quantum-like (Hilbert-space dynamics simulated classically). For human–AI teaming, the EEG marker points towards adapting a quantum trust model's parameters in real time, a possible mechanism for trust-aware autonomous systems.","[CITE:Roeder2023] investigate how a person's judgements of an AI system's reliability evolve during interaction, with two aims: to compare quantum and Markov random-walk models of these judgements and to identify a neural correlate of perturbed reliability expectations. In a Wizard-of-Oz style experiment, seven adults classified face images (294 real, 294 AI-generated) as authentic or synthetic across 560 trials in 20 blocks, receiving manipulated feedback in which the 'AI' agreed or disagreed with them, and gave reliability ratings. The quantum random-walk model predicted the evolving ratings better than the Markov model, which the authors attribute to its capacity to represent the pronounced within-subject variability of ratings. EEG showed a clear event-related potential when reliability expectations were perturbed. The study is exploratory with a small sample, and the AI's behaviour was scripted rather than a real classifier. The model is quantum-like (Hilbert-space dynamics simulated classically). For human–AI teaming, the EEG marker points towards adapting a quantum trust model's parameters in real time, a possible mechanism for trust-aware autonomous systems.",
Humr2025,Humr et al. (2025),application,Full text,"Humr et al. (2025) argue that incongruities between how AI systems and humans rationalise information create uncertainties in human-in-the-loop decision-making that classical probability theory cannot capture adequately. They propose quantum probability theory (QPT) as a better framework because it represents interference effects, order effects, the interaction of categorisation and decision, and ontic uncertainty, meaning uncertainty that is resolved only when a judgement is made. The paper is a perspective rather than an empirical study. It supports the argument with prior findings, including a Gallup question-order effect of about 15 percentage points that QP models explain, and with illustrative simulations of oscillating decision confidence in an information-seeking scenario, a hypothetical user searching for medical information on Lyme disease. No new human data are collected and the proposed use of QPT in AI systems is not implemented. The approach is quantum-like (QP maths on classical computers). For human–AI teaming, it provides a structured argument for building QP-based models of the human into decision-support systems so that systems can anticipate order and interference effects in user judgements.","[CITE:Humr2025] argue that incongruities between how AI systems and humans rationalise information create uncertainties in human-in-the-loop decision-making that classical probability theory cannot capture adequately. They propose quantum probability theory (QPT) as a better framework because it represents interference effects, order effects, the interaction of categorisation and decision, and ontic uncertainty, meaning uncertainty that is resolved only when a judgement is made. The paper is a perspective rather than an empirical study. It supports the argument with prior findings, including a Gallup question-order effect of about 15 percentage points that QP models explain, and with illustrative simulations of oscillating decision confidence in an information-seeking scenario, a hypothetical user searching for medical information on Lyme disease. No new human data are collected and the proposed use of QPT in AI systems is not implemented. The approach is quantum-like (QP maths on classical computers). For human–AI teaming, it provides a structured argument for building QP-based models of the human into decision-support systems so that systems can anticipate order and interference effects in user judgements.","Checked against the full text (Entropy 2025, in the repository)."
vanderMeer2025,van der Meer et al. (2025),application,Full text,"van der Meer et al. (2025) model how a person's trust in an AI system evolves during human–AI interaction in high-risk settings, using quantum random-walk models of reliability ratings. Their contribution is to make the Hamiltonian, which governs the dynamics of the belief state, depend on the interaction: different Hamiltonians are selected according to empirically derived parameters describing what happens in the interaction, for example whether the AI agrees or disagrees with the human. The authors conclude that using empirical parameters to inform the choice of Hamiltonian is a promising way to model the evolution of trust. The work builds on the reliability-rating paradigm and data of Roeder et al. (2023), although the abstract does not report sample sizes or fit statistics. It is an arXiv preprint and should be treated as preliminary. The modelling is quantum-like, run on classical computers. For trust-aware autonomous systems, interaction-dependent Hamiltonians offer a way for an agent's model of human trust to switch dynamics in response to its own actions.","[CITE:vanderMeer2025] model how a person's trust in an AI system evolves during human–AI interaction in high-risk settings, using quantum random-walk models of reliability ratings. Their contribution is to make the Hamiltonian, which governs the dynamics of the belief state, depend on the interaction: different Hamiltonians are selected according to empirically derived parameters describing what happens in the interaction, for example whether the AI agrees or disagrees with the human. The authors conclude that using empirical parameters to inform the choice of Hamiltonian is a promising way to model the evolution of trust. The work builds on the reliability-rating paradigm and data of [CITE:Roeder2023], although the abstract does not report sample sizes or fit statistics. It is an arXiv preprint and should be treated as preliminary. The modelling is quantum-like, run on classical computers. For trust-aware autonomous systems, interaction-dependent Hamiltonians offer a way for an agent's model of human trust to switch dynamics in response to its own actions.","Checked against the full text (in the repository): the data are the 34 participants of the authors' earlier Wizard-of-Oz study (their ref. [6]), co-authored by Roeder."
Humr2026,Humr and Canan (2026),application,Abstract,"Humr and Canan (2026) consider military decision-making supported by AI, where the probabilistic foundations of AI tools can violate the axioms of probability or return contradictory answers, inducing aporia and ontic uncertainty in the human and fostering over-reliance and inadvertent acceptance of the AI's choice. The chapter reviews challenges and attack surfaces for AI systems and examines three popular generative AI (GenAI) applications, showing that they fail to identify conjunction fallacies (cf. Tversky and Kahneman (1983)). It then summarises quantum cognition and proposes a system-level intervention, the quantum cognitive alignment layer (QCAL), which would use quantum models of cognition to detect and mitigate human–AI mismatches in rational deliberation, together with a research agenda. The GenAI probe is small and qualitative, and QCAL is a concept without implementation or evaluation. The approach is quantum-like. For AI decision support and autonomous systems, it proposes an architectural place for QP-based human models between the AI and the operator.","[CITE:Humr2026] consider military decision-making supported by AI, where the probabilistic foundations of AI tools can violate the axioms of probability or return contradictory answers, inducing aporia and ontic uncertainty in the human and fostering over-reliance and inadvertent acceptance of the AI's choice. The chapter reviews challenges and attack surfaces for AI systems and examines three popular generative AI (GenAI) applications, showing that they fail to identify conjunction fallacies (cf. [CITE:Tversky1983]). It then summarises quantum cognition and proposes a system-level intervention, the quantum cognitive alignment layer (QCAL), which would use quantum models of cognition to detect and mitigate human–AI mismatches in rational deliberation, together with a research agenda. The GenAI probe is small and qualitative, and QCAL is a concept without implementation or evaluation. The approach is quantum-like. For AI decision support and autonomous systems, it proposes an architectural place for QP-based human models between the AI and the operator.",
Preskill2018,Preskill (2018),background,Full text,"Preskill (2018) coined the term 'noisy intermediate-scale quantum' (NISQ) for near-term processors of roughly 50–100 qubits whose gate noise limits the size of circuits that can be run reliably. He argues that such devices are useful for exploring many-body physics and hybrid variational algorithms, but are unlikely to transform the world by themselves. This review cites it to set realistic expectations for hardware-based quantum agents, such as variational quantum-circuit reinforcement learners.","[CITE:Preskill2018] coined the term 'noisy intermediate-scale quantum' (NISQ) for near-term processors of roughly 50–100 qubits whose gate noise limits the size of circuits that can be run reliably. He argues that such devices are useful for exploring many-body physics and hybrid variational algorithms, but are unlikely to transform the world by themselves. This review cites it to set realistic expectations for hardware-based quantum agents, such as variational quantum-circuit reinforcement learners.",Repository copy: arXiv version 1801.00862v3.
Bergholm2018,Bergholm et al. (2018),background,Abstract,"Bergholm et al. (2018) present PennyLane, an open-source Python library for differentiable programming of hybrid quantum–classical computations. It computes gradients of variational quantum circuits (for example via the parameter-shift rule), integrates with classical machine-learning libraries and runs on simulators and several hardware back-ends. This review cites it as a standard software framework used to build variational quantum-circuit agents, including quantum reinforcement learning.","[CITE:Bergholm2018] present PennyLane, an open-source Python library for differentiable programming of hybrid quantum–classical computations. It computes gradients of variational quantum circuits (for example via the parameter-shift rule), integrates with classical machine-learning libraries and runs on simulators and several hardware back-ends. This review cites it as a standard software framework used to build variational quantum-circuit agents, including quantum reinforcement learning.",Summary not yet checked against the source; it gives no numbers.
Broughton2020,Broughton et al. (2020),background,Abstract,"Broughton et al. (2020) introduce TensorFlow Quantum, a software framework that integrates Google's Cirq circuit library with TensorFlow for rapid prototyping of hybrid quantum–classical machine-learning models, including quantum neural networks and variational algorithms. This review cites it, with Bergholm et al. (2018), as one of the main toolchains used for quantum machine-learning and quantum reinforcement-learning experiments.","[CITE:Broughton2020] introduce TensorFlow Quantum, a software framework that integrates Google's Cirq circuit library with TensorFlow for rapid prototyping of hybrid quantum–classical machine-learning models, including quantum neural networks and variational algorithms. This review cites it, with [CITE:Bergholm2018], as one of the main toolchains used for quantum machine-learning and quantum reinforcement-learning experiments.",Summary not yet checked against the source; it gives no numbers.
Tegmark2000,Tegmark (2000),background,Abstract,"Tegmark (2000) estimated decoherence times for candidate quantum states in the brain, such as superpositions of neuronal firing states and of microtubule conformations, and found them to be many orders of magnitude shorter than the timescales of neural dynamics. He concluded that the brain is best treated as a classical system. This review cites it as the main physical objection to quantum-brain hypotheses, which motivates the quantum-like modelling stance that makes no claim about quantum physics in the brain.","[CITE:Tegmark2000] estimated decoherence times for candidate quantum states in the brain, such as superpositions of neuronal firing states and of microtubule conformations, and found them to be many orders of magnitude shorter than the timescales of neural dynamics. He concluded that the brain is best treated as a classical system. This review cites it as the main physical objection to quantum-brain hypotheses, which motivates the quantum-like modelling stance that makes no claim about quantum physics in the brain.",
Friston2010,Friston (2010),background,Abstract,"Friston (2010) reviews the free-energy principle, which holds that adaptive systems resist disorder by minimising variational free energy, an upper bound on surprise. He relates the principle to Bayesian brain theories, predictive coding, optimal control, neural Darwinism and value learning. This review cites it as the leading classical Bayesian account of perception and action in agents, against which quantum-like models of belief updating are positioned.","[CITE:Friston2010] reviews the free-energy principle, which holds that adaptive systems resist disorder by minimising variational free energy, an upper bound on surprise. He relates the principle to Bayesian brain theories, predictive coding, optimal control, neural Darwinism and value learning. This review cites it as the leading classical Bayesian account of perception and action in agents, against which quantum-like models of belief updating are positioned.",
Clark2013,Clark (2013),background,Abstract,"Clark (2013) is a target article, with open peer commentary, arguing that brains are hierarchical prediction machines that minimise prediction error, with perception and action unified through predictive processing and action-oriented, situated cognition. This review cites it, alongside Friston (2010), as the classical predictive-processing framework for embodied agents, providing a baseline for quantum-like accounts of context-dependent judgement.","[CITE:Clark2013] is a target article, with open peer commentary, arguing that brains are hierarchical prediction machines that minimise prediction error, with perception and action unified through predictive processing and action-oriented, situated cognition. This review cites it, alongside [CITE:Friston2010], as the classical predictive-processing framework for embodied agents, providing a baseline for quantum-like accounts of context-dependent judgement.",
Hameroff2014,Hameroff and Penrose (2014),background,Abstract,"Hameroff and Penrose (2014) review the Orchestrated Objective Reduction (Orch OR) theory, which proposes that consciousness arises from orchestrated quantum computations in neuronal microtubules terminated by Penrose's gravitational objective reduction. They discuss supporting evidence and answer criticisms, including decoherence arguments such as Tegmark (2000). This review cites it as the best-known quantum-biology hypothesis, which quantum-like cognition models explicitly do not rely on.","[CITE:Hameroff2014] review the Orchestrated Objective Reduction (Orch OR) theory, which proposes that consciousness arises from orchestrated quantum computations in neuronal microtubules terminated by Penrose's gravitational objective reduction. They discuss supporting evidence and answer criticisms, including decoherence arguments such as [CITE:Tegmark2000]. This review cites it as the best-known quantum-biology hypothesis, which quantum-like cognition models explicitly do not rely on.",
Fisher2015,Fisher (2015),background,Full text,"Fisher (2015) proposes that the brain might process quantum information using phosphorus nuclear spins as 'neural qubits', with Posner molecules (calcium phosphate clusters) protecting entangled spins from decoherence and releasing calcium in a way that could affect neural firing. The paper is a speculative physical hypothesis with no experimental test. This review cites it as a quantum-biology hypothesis, which must be kept separate from quantum-like cognitive models that make no claim about quantum physics in the brain.","[CITE:Fisher2015] proposes that the brain might process quantum information using phosphorus nuclear spins as 'neural qubits', with Posner molecules (calcium phosphate clusters) protecting entangled spins from decoherence and releasing calcium in a way that could affect neural firing. The paper is a speculative physical hypothesis with no experimental test. This review cites it as a quantum-biology hypothesis, which must be kept separate from quantum-like cognitive models that make no claim about quantum physics in the brain.",Repository copy: arXiv 1508.05929v2. DOI to be confirmed.
Busemeyer2017a,Busemeyer et al. (2017),theory and evidence,Abstract,"Busemeyer et al. (2017) address how the brain could implement the operations used in quantum cognition models, such as state vectors, projections, incompatible bases and unitary evolution, without appealing to quantum physics in neurons. They discuss how these mathematical operations could be realised by classical neural mechanisms, drawing on work on neural oscillations and synchronisation, so that quantum-like probability arises from classical neural dynamics. The paper is theoretical and does not test the proposal against neural data. It is quantum-like in the sense of the survey: QP structure without quantum hardware in the brain. For AI it supports the view that QP models can be implemented in classical neural networks, a precondition for building quantum-like cognitive modules into artificial agents.","[CITE:Busemeyer2017a] address how the brain could implement the operations used in quantum cognition models, such as state vectors, projections, incompatible bases and unitary evolution, without appealing to quantum physics in neurons. They discuss how these mathematical operations could be realised by classical neural mechanisms, drawing on work on neural oscillations and synchronisation, so that quantum-like probability arises from classical neural dynamics. The paper is theoretical and does not test the proposal against neural data. It is quantum-like in the sense of the survey: QP structure without quantum hardware in the brain. For AI it supports the view that QP models can be implemented in classical neural networks, a precondition for building quantum-like cognitive modules into artificial agents.",Summary not yet checked against the source.
Khrennikov2018,Khrennikov et al. (2018),theory and evidence,Abstract,"Khrennikov et al. (2018) ask how neurons could generate the quantum-like statistics seen in cognitive psychology. They represent uncertainty in generating action potentials, arising from complex electrochemical processes, with quantum information states that extend classical neural codes such as quiescent/firing, so that information processing involves superpositions of these states. A neuronal group performing a psychological function is treated as an open quantum system interacting with its electrochemical environment, described by the Gorini–Kossakowski–Sudarshan–Lindblad equation; decision-making is decoherence in the eigenbasis of that function, and the decision is the resulting steady state. This linear representation of nonlinear electrochemical dynamics guarantees exponentially fast convergence to the decision state. The model is formal and not fitted to neural data. It is quantum-like: it does not claim quantum physics in the brain. For AI, it gives an open-system recipe for decision units that settle quickly to a choice.","[CITE:Khrennikov2018] ask how neurons could generate the quantum-like statistics seen in cognitive psychology. They represent uncertainty in generating action potentials, arising from complex electrochemical processes, with quantum information states that extend classical neural codes such as quiescent/firing, so that information processing involves superpositions of these states. A neuronal group performing a psychological function is treated as an open quantum system interacting with its electrochemical environment, described by the Gorini–Kossakowski–Sudarshan–Lindblad equation; decision-making is decoherence in the eigenbasis of that function, and the decision is the resulting steady state. This linear representation of nonlinear electrochemical dynamics guarantees exponentially fast convergence to the decision state. The model is formal and not fitted to neural data. It is quantum-like: it does not claim quantum physics in the brain. For AI, it gives an open-system recipe for decision units that settle quickly to a choice.",
Khrennikov2025a,Khrennikov et al. (2025),theory and evidence,Abstract,"Khrennikov et al. (2025) aim to couple quantum-like models of cognition with the functioning of neuronal networks within the framework of generalised probability theory, which contains classical and quantum probability as special cases. The paper continues the programme of Khrennikov et al. (2018) in seeking a neural grounding for quantum-like statistics without assuming quantum physics in the brain, and it connects network-level neuronal descriptions to the state-and-measurement structure used in quantum cognition. It is a theoretical contribution in the Journal of Mathematical Psychology and does not report new behavioural or neural experiments. For AI, it is relevant as a candidate mathematical bridge between neural-network computation and quantum-like decision models on classical hardware.","[CITE:Khrennikov2025a] aim to couple quantum-like models of cognition with the functioning of neuronal networks within the framework of generalised probability theory, which contains classical and quantum probability as special cases. The paper continues the programme of [CITE:Khrennikov2018] in seeking a neural grounding for quantum-like statistics without assuming quantum physics in the brain, and it connects network-level neuronal descriptions to the state-and-measurement structure used in quantum cognition. It is a theoretical contribution in the Journal of Mathematical Psychology and does not report new behavioural or neural experiments. For AI, it is relevant as a candidate mathematical bridge between neural-network computation and quantum-like decision models on classical hardware.",Summary not yet checked against the source.
Khrennikov2025b,Khrennikov et al. (2025),theory and evidence,Abstract,"Khrennikov et al. (2025) seek to connect the functioning of oscillatory neuronal networks with quantum-like models of cognition, and to draw implications for quantum-inspired computation and artificial intelligence. The central idea, consistent with Busemeyer et al. (2017) and Khrennikov et al. (2018), is that classical oscillatory neural dynamics can carry the complex-amplitude, phase-dependent structure that quantum-like probability models require, so that interference-type effects in cognition need no quantum physics in the brain. The paper is theoretical and does not test the proposal against neural or behavioural data. It is quantum-like and quantum-inspired rather than quantum hardware. For AI, it suggests that oscillator-based or phase-based classical networks could serve as substrates for quantum-like decision modules in artificial agents.","[CITE:Khrennikov2025b] seek to connect the functioning of oscillatory neuronal networks with quantum-like models of cognition, and to draw implications for quantum-inspired computation and artificial intelligence. The central idea, consistent with [CITE:Busemeyer2017a] and [CITE:Khrennikov2018], is that classical oscillatory neural dynamics can carry the complex-amplitude, phase-dependent structure that quantum-like probability models require, so that interference-type effects in cognition need no quantum physics in the brain. The paper is theoretical and does not test the proposal against neural or behavioural data. It is quantum-like and quantum-inspired rather than quantum hardware. For AI, it suggests that oscillator-based or phase-based classical networks could serve as substrates for quantum-like decision modules in artificial agents.",Summary not yet checked against the source.
Khrennikov2025c,Khrennikov and Yamada (2025),theory and evidence,Full text,"Khrennikov and Yamada (2025) tackle the hardest step in grounding quantum-like (QL) cognition in classical neural dynamics: how classical oscillatory networks could generate 'mental entanglement'. Building on prequantum classical statistical field theory, in which QL states arise as covariance operators of random neuronal fields Khrennikov et al. (2025), they use two notions of entanglement: observation entanglement, where a tensor-product structure is induced by cross-commuting local algebras of observables, and state entanglement generated by spatially separated but interacting networks, attributed to classical electromagnetic (including ephaptic) coupling. They stress that this 'nonlocality' is classical signalling within the brain, not quantum nonlocality, and is distinct from quantum-brain hypotheses such as Orch OR. The paper is explicitly conceptual: it contains no data, but proposes EEG/MEG tests, maps QL constructs onto functional-connectivity measures, discusses in vitro networks and Bell-type tests, and speculates on feature binding and consciousness. For artificial agents, it suggests how QL representations might be realised by classical, networked substrates, which is the relevant model for quantum-like reasoning on conventional hardware.","[CITE:Khrennikov2025c] tackle the hardest step in grounding quantum-like (QL) cognition in classical neural dynamics: how classical oscillatory networks could generate 'mental entanglement'. Building on prequantum classical statistical field theory, in which QL states arise as covariance operators of random neuronal fields [CITE:Khrennikov2025a], they use two notions of entanglement: observation entanglement, where a tensor-product structure is induced by cross-commuting local algebras of observables, and state entanglement generated by spatially separated but interacting networks, attributed to classical electromagnetic (including ephaptic) coupling. They stress that this 'nonlocality' is classical signalling within the brain, not quantum nonlocality, and is distinct from quantum-brain hypotheses such as Orch OR. The paper is explicitly conceptual: it contains no data, but proposes EEG/MEG tests, maps QL constructs onto functional-connectivity measures, discusses in vitro networks and Bell-type tests, and speculates on feature binding and consciousness. For artificial agents, it suggests how QL representations might be realised by classical, networked substrates, which is the relevant model for quantum-like reasoning on conventional hardware.",Repository copy: arXiv 2509.16253.
Ashtiani2015,Ashtiani and Azgomi (2015),review,Abstract,"Ashtiani and Azgomi (2015) survey quantum-like approaches to decision-making and cognition, motivated by the inability of rational choice theory and expected utility to explain observed paradoxes and fallacies. They review quantum-like models of judgement, choice and cognition, argue that these structures better capture the uncertainty, ambiguity, emotions and risks of human decisions, and discuss their value for computational agents designed to reproduce human decision patterns, together with current limitations. The survey is cited as an early review that explicitly links quantum cognition to computational agents, a precursor of the present survey's focus.","[CITE:Ashtiani2015] survey quantum-like approaches to decision-making and cognition, motivated by the inability of rational choice theory and expected utility to explain observed paradoxes and fallacies. They review quantum-like models of judgement, choice and cognition, argue that these structures better capture the uncertainty, ambiguity, emotions and risks of human decisions, and discuss their value for computational agents designed to reproduce human decision patterns, together with current limitations. The survey is cited as an early review that explicitly links quantum cognition to computational agents, a precursor of the present survey's focus.",
Dunjko2018,Dunjko and Briegel (2018),review,Full text,"Dunjko and Briegel (2018) provide a broad review of the two-way relationship between quantum information and machine learning/AI. After classical background on supervised learning, computational learning theory and reinforcement learning, they survey machine learning applied to quantum physics (Hamiltonian estimation, metrology, control and automated design of experiments), quantum speed-ups for learning (quantum linear-algebra methods, quantum learning theory, quantum annealing), and quantum enhancements for interactive learning agents, including projective simulation. They close with the conceptual question of what learning and agency mean in a fully quantum world. This review cites it as the reference framing of genuinely quantum (hardware) learning agents, which it keeps distinct from quantum-like cognitive models run on classical computers.","[CITE:Dunjko2018] provide a broad review of the two-way relationship between quantum information and machine learning/AI. After classical background on supervised learning, computational learning theory and reinforcement learning, they survey machine learning applied to quantum physics (Hamiltonian estimation, metrology, control and automated design of experiments), quantum speed-ups for learning (quantum linear-algebra methods, quantum learning theory, quantum annealing), and quantum enhancements for interactive learning agents, including projective simulation. They close with the conceptual question of what learning and agency mean in a fully quantum world. This review cites it as the reference framing of genuinely quantum (hardware) learning agents, which it keeps distinct from quantum-like cognitive models run on classical computers.","Repository copy: arXiv preprint 1709.02779v1 (2017), not the published Rep. Prog. Phys. version."
Petschnigg2019,Petschnigg et al. (2019),review,Full text,"Petschnigg et al. (2019) is an ICRA position paper on how quantum computing, accessed as cloud services or co-processors, might affect robotics. After introducing qubits, superposition, entanglement and the main quantum algorithms (search, optimisation, quantum machine learning), the authors organise candidate applications along a sense–think–act–observe scheme: perception and sensor-data processing, classical AI planning and learning, kinematics and dynamics, and diagnosis and data mining. They then list open research topics, including high-level quantum programming languages, architectures for integrating quantum processors into robot systems, development and simulation environments, and robot safety. No experiments are reported. This review cites it as an early robotics-community map of hardware quantum computing for robots, contrasting with quantum-like cognitive approaches.","[CITE:Petschnigg2019] is an ICRA position paper on how quantum computing, accessed as cloud services or co-processors, might affect robotics. After introducing qubits, superposition, entanglement and the main quantum algorithms (search, optimisation, quantum machine learning), the authors organise candidate applications along a sense–think–act–observe scheme: perception and sensor-data processing, classical AI planning and learning, kinematics and dynamics, and diagnosis and data mining. They then list open research topics, including high-level quantum programming languages, architectures for integrating quantum processors into robot systems, development and simulation environments, and robot safety. No experiments are reported. This review cites it as an early robotics-community map of hardware quantum computing for robots, contrasting with quantum-like cognitive approaches.",
Meyer2022,Meyer et al. (2022),review,Full text,"Meyer et al. (2022) survey quantum reinforcement learning (QRL), which they define as quantum-assisted methods for classical RL problems. After concise introductions to classical RL and gate-model quantum computing, they cover quantum-inspired RL based on amplitude amplification; variational quantum circuits (VQCs) as value-function, policy and actor–critic approximators for NISQ devices, including offline, multi-agent and application-focused work; projective simulation; quantum Boltzmann machines; quantum policy and value iteration; and algorithms with oracularised environments that offer provable speed-ups on future fault-tolerant hardware. The review summarises selected papers in detail and assesses claims of quantum advantage critically. The survey uses it as the main reference map for genuinely quantum RL agents, including VQC-based multi-agent work such as Yun et al. (2022).","[CITE:Meyer2022] survey quantum reinforcement learning (QRL), which they define as quantum-assisted methods for classical RL problems. After concise introductions to classical RL and gate-model quantum computing, they cover quantum-inspired RL based on amplitude amplification; variational quantum circuits (VQCs) as value-function, policy and actor–critic approximators for NISQ devices, including offline, multi-agent and application-focused work; projective simulation; quantum Boltzmann machines; quantum policy and value iteration; and algorithms with oracularised environments that offer provable speed-ups on future fault-tolerant hardware. The review summarises selected papers in detail and assesses claims of quantum advantage critically. The survey uses it as the main reference map for genuinely quantum RL agents, including VQC-based multi-agent work such as [CITE:Yun2022].",Repository copy: arXiv v2 (March 2024).
Khrennikov2022,Khrennikov (2022),review,Abstract,"Khrennikov (2022) is a book chapter giving an overview of quantum probability as a tool for modelling cognition, decision-making and artificial intelligence. It summarises the quantum-like programme (cf. Khrennikov (2010)), in which Hilbert-space probability models contextuality, order and interference effects without assuming quantum physics in the brain, and discusses how such models could inform AI. This review cites it as a compact statement of the quantum-like view linking cognition and AI, preceding the author's later programme on quantum-like AI (Khrennikov (2026)).","[CITE:Khrennikov2022] is a book chapter giving an overview of quantum probability as a tool for modelling cognition, decision-making and artificial intelligence. It summarises the quantum-like programme (cf. [CITE:Khrennikov2010]), in which Hilbert-space probability models contextuality, order and interference effects without assuming quantum physics in the brain, and discusses how such models could inform AI. This review cites it as a compact statement of the quantum-like view linking cognition and AI, preceding the author's later programme on quantum-like AI ([CITE:Khrennikov2026]).",Summary not yet checked against the source.
Chen2024,Chen (2024),review,Full text,"Chen (2024) offers a short tutorial introduction to quantum reinforcement learning for the wider AI and machine learning community. It explains qubits, variational quantum circuits and quantum neural networks, then reviews how VQCs serve as function approximators in quantum deep Q-learning, quantum policy-gradient and actor–critic methods, evolutionary optimisation of quantum policies, recurrent quantum policies (quantum LSTMs), quantum fast-weight programmers and differentiable quantum architecture search. It briefly notes multi-agent and control applications, limited NISQ resources, trainability problems and the use of quantum circuits to generate classical network weights. No new experiments are reported. This review cites it as an accessible entry point to hybrid quantum–classical RL, as distinct from quantum-like models of human decision-making.","[CITE:Chen2024] offers a short tutorial introduction to quantum reinforcement learning for the wider AI and machine learning community. It explains qubits, variational quantum circuits and quantum neural networks, then reviews how VQCs serve as function approximators in quantum deep Q-learning, quantum policy-gradient and actor–critic methods, evolutionary optimisation of quantum policies, recurrent quantum policies (quantum LSTMs), quantum fast-weight programmers and differentiable quantum architecture search. It briefly notes multi-agent and control applications, limited NISQ resources, trainability problems and the use of quantum circuits to generate classical network weights. No new experiments are reported. This review cites it as an accessible entry point to hybrid quantum–classical RL, as distinct from quantum-like models of human decision-making.",Repository copy: arXiv 2409.05846v1.
Yan2024,Yan et al. (2024),review,Abstract,"Yan et al. (2024) review emerging trends in quantum robotics, the integration of quantum computing and quantum information principles into robotic systems. The review covers topics such as quantum-enhanced learning and control, path planning and autonomous decision-making, and discusses how quantum algorithms and quantum-inspired methods might be applied on robots. This review cites it as the main recent overview of the quantum-hardware and quantum-algorithm side of robotics, which is distinct from the quantum-like (QP on classical hardware) cognition models that are its main focus.","[CITE:Yan2024] review emerging trends in quantum robotics, the integration of quantum computing and quantum information principles into robotic systems. The review covers topics such as quantum-enhanced learning and control, path planning and autonomous decision-making, and discusses how quantum algorithms and quantum-inspired methods might be applied on robots. This review cites it as the main recent overview of the quantum-hardware and quantum-algorithm side of robotics, which is distinct from the quantum-like (QP on classical hardware) cognition models that are its main focus.",Full text not in the repository. Summary not yet checked against the source.
Huang2025b,Huang et al. (2025),review,Abstract,"Huang et al. (2025) provide a broad overview of the quantum cognition research programme, written by several of its central contributors. The review covers the theoretical foundations of quantum probability models of cognition and their applications to judgement and decision phenomena such as order effects, conjunction and disjunction fallacies, interference and violations of the sure-thing principle, and it discusses empirical tests, critiques and open questions. This review cites it as the most recent authoritative overview of the field and as the main reference for the cognitive-science foundations on which agent and AI applications build (cf. Busemeyer and Bruza (2012); Pothos and Busemeyer (2013)).","[CITE:Huang2025b] provide a broad overview of the quantum cognition research programme, written by several of its central contributors. The review covers the theoretical foundations of quantum probability models of cognition and their applications to judgement and decision phenomena such as order effects, conjunction and disjunction fallacies, interference and violations of the sure-thing principle, and it discusses empirical tests, critiques and open questions. This review cites it as the most recent authoritative overview of the field and as the main reference for the cognitive-science foundations on which agent and AI applications build (cf. [CITE:Busemeyer2012]; [CITE:Pothos2013a]).",Summary not yet checked against the source.
Maksymov2026,Maksymov (2026),review,Full text,"Maksymov (2026) is a book, aimed at a broad readership, on quantum models of cognition and decision-making and their applied uses. It introduces basic quantum mechanics and then presents models that use quantum tunnelling and superposition to describe bistable perception of ambiguous figures such as the Necker cube, opinion polarisation and the backfire effect in social networks, risky choice in the 'Deal or No Deal' game, and perceptual illusions in video games, with brief remarks on finance, defence and AI. It also describes quantum-tunnelling neural networks, which use a tunnelling-based activation function but run on classical hardware without qubits. This review cites it for its applied breadth and as an example of quantum-inspired machine learning.","[CITE:Maksymov2025] is a book chapter, aimed at a broad readership, on quantum models of cognition and decision-making and their applied uses. It introduces basic quantum mechanics and then presents models that use quantum tunnelling and superposition to describe bistable perception of ambiguous figures such as the Necker cube, opinion polarisation and the backfire effect in social networks, risky choice in the 'Deal or No Deal' game, and perceptual illusions in video games, with brief remarks on finance, defence and AI. It also describes quantum-tunnelling neural networks, which use a tunnelling-based activation function but run on classical hardware without qubits. This review cites it for its applied breadth and as an example of quantum-inspired machine learning.","Summary written from the arXiv preprint (2508.20098, 2025); the book appeared with Springer in 2026 (doi:10.1007/978-3-032-25965-3)."
Khrennikov2026,Khrennikov (2026),review,Abstract,"Khrennikov (2026) argues that quantum and quantum-like models of cognition offer a route to narrowing the gap between human and artificial intelligence, because human decisions show systematic deviations from classical probability, logic and information theory, such as contextuality and interference, that quantum probability can model. He distinguishes quantum AI, which depends on progress in quantum computing, from quantum-like AI, which can be implemented on classical hardware, and argues that both could yield AI with more creative and adaptive capacities aligned with natural cognition. The paper sets out a conceptual programme to unify natural and artificial intelligence through such models; this review cites it for this quantum versus quantum-like AI distinction.","[CITE:Khrennikov2026] argues that quantum and quantum-like models of cognition offer a route to narrowing the gap between human and artificial intelligence, because human decisions show systematic deviations from classical probability, logic and information theory, such as contextuality and interference, that quantum probability can model. He distinguishes quantum AI, which depends on progress in quantum computing, from quantum-like AI, which can be implemented on classical hardware, and argues that both could yield AI with more creative and adaptive capacities aligned with natural cognition. The paper sets out a conceptual programme to unify natural and artificial intelligence through such models; this review cites it for this quantum versus quantum-like AI distinction.",Abstract read via Crossref metadata (paraphrased).
Kalman1960,Kalman (1960),background,Abstract,"Kalman (1960) introduced the Kalman filter, a recursive state-space solution to linear filtering and prediction that gives the optimal (minimum mean-square error) estimate for linear systems with Gaussian noise. This review cites it as the classical baseline for recursive belief updating in estimation and control, against which quantum filters and quantum-like belief dynamics are compared.","[CITE:Kalman1960] introduced the Kalman filter, a recursive state-space solution to linear filtering and prediction that gives the optimal (minimum mean-square error) estimate for linear systems with Gaussian noise. This review cites it as the classical baseline for recursive belief updating in estimation and control, against which quantum filters and quantum-like belief dynamics are compared.",
Haykin2001,Thrun et al. (2005),background,Abstract,"Thrun et al. (2005) is an edited volume on combining Kalman filtering with neural networks, covering extended Kalman filter training of feedforward and recurrent networks, the unscented Kalman filter and dual estimation. This review cites it as a classical reference for hybrid estimation–learning architectures, a baseline for quantum-inspired filtering and learning methods in autonomous agents.","[CITE:Haykin2001] is an edited volume on combining Kalman filtering with neural networks, covering extended Kalman filter training of feedforward and recurrent networks, the unscented Kalman filter and dual estimation. This review cites it as a classical reference for hybrid estimation–learning architectures, a baseline for quantum-inspired filtering and learning methods in autonomous agents.",Summary not yet checked against the source; it gives no numbers.
Thrun2005,Thrun et al. (2005),background,Full text,"Thrun et al. (2005) is the standard textbook on probabilistic robotics. It formulates localisation, mapping, SLAM and planning as recursive Bayesian state estimation, using Bayes, Kalman and particle filters and POMDP-based control under uncertainty. This review cites it as the classical Bayesian baseline for robot state estimation and decision-making, against which quantum-like belief updating (with interference and order effects) is compared.","[CITE:Thrun2005] is the standard textbook on probabilistic robotics. It formulates localisation, mapping, SLAM and planning as recursive Bayesian state estimation, using Bayes, Kalman and particle filters and POMDP-based control under uncertainty. This review cites it as the classical Bayesian baseline for robot state estimation and decision-making, against which quantum-like belief updating (with interference and order effects) is compared.","Repository copy: an early draft (c. 1999–2000), not the 2005 MIT Press edition; cite the published book."
Krizhevsky2012,Krizhevsky et al. (2012),background,Abstract,"Krizhevsky et al. (2012) trained a large deep convolutional neural network (AlexNet) on GPUs with ReLU activations and dropout, winning the ImageNet ILSVRC-2012 classification challenge by a large margin. This review cites it as the landmark of the classical deep-learning era, the benchmark context against which quantum and quantum-inspired machine learning claims must be judged.","[CITE:Krizhevsky2012] trained a large deep convolutional neural network (AlexNet) on GPUs with ReLU activations and dropout, winning the ImageNet ILSVRC-2012 classification challenge by a large margin. This review cites it as the landmark of the classical deep-learning era, the benchmark context against which quantum and quantum-inspired machine learning claims must be judged.",
Blanke2016,Blanke et al. (2016),background,Abstract,"Blanke et al. (2016) is a standard textbook on fault diagnosis and fault-tolerant control, covering model-based fault detection and isolation, structural analysis, and active and passive reconfiguration of control systems. This review cites it as the classical reference for fault detection and tolerance in autonomous systems, a baseline for quantum fault-tolerant filtering such as Gao et al. (2021).","[CITE:Blanke2016] is a standard textbook on fault diagnosis and fault-tolerant control, covering model-based fault detection and isolation, structural analysis, and active and passive reconfiguration of control systems. This review cites it as the classical reference for fault detection and tolerance in autonomous systems, a baseline for quantum fault-tolerant filtering such as [CITE:Gao2021].",Summary not yet checked against the source; it gives no numbers.
Sutton2018,Sutton and Barto (2018),background,Full text,"Sutton and Barto (2018) is the standard textbook on reinforcement learning. It covers Markov decision processes, dynamic programming, Monte Carlo and temporal-difference learning, function approximation and policy-gradient methods, framed around an agent learning from reward through interaction. This review cites it as the classical reference for RL agents, which quantum-inspired, quantum-like and variational quantum-circuit RL methods extend or compare against.","[CITE:Sutton2018] is the standard textbook on reinforcement learning. It covers Markov decision processes, dynamic programming, Monte Carlo and temporal-difference learning, function approximation and policy-gradient methods, framed around an agent learning from reward through interaction. This review cites it as the classical reference for RL agents, which quantum-inspired, quantum-like and variational quantum-circuit RL methods extend or compare against.","Repository copy: a 2014–2015 draft of the second edition, not the final 2018 edition."
Henderson2018,Henderson et al. (2018),background,Full text,"Henderson et al. (2018) examine reproducibility in deep reinforcement learning. Using standard continuous-control benchmarks and policy-gradient algorithms, they show that hyperparameters, network architecture, random seeds, environment choice and codebase can change reported performance substantially, and they recommend proper significance testing, multiple seeds and full reporting. This review cites it as the methodological benchmark for judging claims of quantum or quantum-inspired advantage in RL, many of which rest on few runs.","[CITE:Henderson2018] examine reproducibility in deep reinforcement learning. Using standard continuous-control benchmarks and policy-gradient algorithms, they show that hyperparameters, network architecture, random seeds, environment choice and codebase can change reported performance substantially, and they recommend proper significance testing, multiple seeds and full reporting. This review cites it as the methodological benchmark for judging claims of quantum or quantum-inspired advantage in RL, many of which rest on few runs.",Repository copy: arXiv 1709.06560v3.
Gao2021,Gao et al. (2021),background,Abstract,"Gao et al. (2021) design a discrete-time fault-tolerant quantum filter and a fault detector for open quantum systems, estimating the quantum state from measurement records while detecting faults. It belongs to quantum estimation and control theory and involves no cognition model. This review cites it as background on genuine quantum filtering, the quantum counterpart of classical Kalman-type estimation, to distinguish quantum control of physical systems from quantum-like cognitive modelling.","[CITE:Gao2021] design a discrete-time fault-tolerant quantum filter and a fault detector for open quantum systems, estimating the quantum state from measurement records while detecting faults. It belongs to quantum estimation and control theory and involves no cognition model. This review cites it as background on genuine quantum filtering, the quantum counterpart of classical Kalman-type estimation, to distinguish quantum control of physical systems from quantum-like cognitive modelling.",Summary not yet checked against the source.
Lauri2023,Lauri et al. (2023),background,Full text,"Lauri et al. (2023) survey the use of partially observable Markov decision processes (POMDPs) in robotics. They review how noisy sensing, imperfect control and changing environments are modelled as POMDPs, and summarise applications in localisation and navigation, search and tracking, autonomous driving, manipulation and human–robot interaction, together with solution methods and practical modelling advice. This review cites it as the classical baseline for belief-based decision-making in robots.","[CITE:Lauri2023] survey the use of partially observable Markov decision processes (POMDPs) in robotics. They review how noisy sensing, imperfect control and changing environments are modelled as POMDPs, and summarise applications in localisation and navigation, search and tracking, autonomous driving, manipulation and human–robot interaction, together with solution methods and practical modelling advice. This review cites it as the classical baseline for belief-based decision-making in robots.",DOI to be confirmed. Repository copy: arXiv 2209.10342v1.
Kak2018,Kak (2018),application,Abstract,"Kak (2018) examined the assumptions usually made about the internal decision environment of intelligent agents, in particular how memory and belief states are queried. He discussed classical and non-classical explanations of order effects, in which the response to one query depends on the query asked before it, and asked whether states that are inaccessible to introspection are best modelled as quantum states. A maze network is used to contrast classical and quantum decision scenarios, and the author proposes testing the quantum hypothesis on large databases such as those of medical treatment and drug efficacy. The paper is conceptual: it offers no data, implementation or quantitative comparison. For autonomous agents, it is an early argument that the order in which an agent queries its own memory or its users is a design variable.","[CITE:Kak2018] examined the assumptions usually made about the internal decision environment of intelligent agents, in particular how memory and belief states are queried. He discussed classical and non-classical explanations of order effects, in which the response to one query depends on the query asked before it, and asked whether states that are inaccessible to introspection are best modelled as quantum states. A maze network is used to contrast classical and quantum decision scenarios, and the author proposes testing the quantum hypothesis on large databases such as those of medical treatment and drug efficacy. The paper is conceptual: it offers no data, implementation or quantitative comparison. For autonomous agents, it is an early argument that the order in which an agent queries its own memory or its users is a design variable.",Added by the targeted search of 4 October 2026; written from the abstract.
Hoorn2019,Hoorn and Ho (2019),application,Abstract,"Hoorn and Ho (2019) addressed two obstacles to artificially sentient robots: conventional computers do not process information in parallel in the way the human affective system can produce concurrent emotions (for example, feeling happy and sad at once), and cognition and affect are usually modelled separately. They proposed a quantum computational account of mixed states of reflection and affect, mapping known psychological dimensions onto quantum dynamics, and illustrated possible robot behaviours with small Einstein--Podolsky--Rosen-type circuits as a precursor to simulation. No simulation results, robot implementation or user study are reported, and the claims about quantum processes in neurology are speculative. The work is the precursor of the authors' later Q-Coppélia model Ho and Hoorn (2022), which gives the full circuit design.","[CITE:Hoorn2019] addressed two obstacles to artificially sentient robots: conventional computers do not process information in parallel in the way the human affective system can produce concurrent emotions (for example, feeling happy and sad at once), and cognition and affect are usually modelled separately. They proposed a quantum computational account of mixed states of reflection and affect, mapping known psychological dimensions onto quantum dynamics, and illustrated possible robot behaviours with small Einstein--Podolsky--Rosen-type circuits as a precursor to simulation. No simulation results, robot implementation or user study are reported, and the claims about quantum processes in neurology are speculative. The work is the precursor of the authors' later Q-Coppélia model [CITE:Ho2022], which gives the full circuit design.",Added by the targeted search of 4 October 2026; written from the abstract.
Essalmi2026,Essalmi et al. (2026),application,Abstract,"Essalmi et al. (2026) extended their earlier two-player quantum game models of driving Essalmi et al. (2025) to a multi-player, multi-strategy quantum game for interaction-aware decision-making in automated driving. Each vehicle can hold superposed and entangled strategies, combining classical game theory with quantum-game payoffs, and the model is simulated classically. In simulated interactive scenarios the authors report higher success rates and fewer collisions than classical game-theoretic approaches, especially when interaction is dense. The study is simulation-only and has not been tested with human drivers or on a vehicle. It is the only decision-making study in the corpus set on a vehicle task with several interacting agents.","[CITE:Essalmi2026] extended their earlier two-player quantum game models of driving [CITE:Essalmi2025] to a multi-player, multi-strategy quantum game for interaction-aware decision-making in automated driving. Each vehicle can hold superposed and entangled strategies, combining classical game theory with quantum-game payoffs, and the model is simulated classically. In simulated interactive scenarios the authors report higher success rates and fewer collisions than classical game-theoretic approaches, especially when interaction is dense. The study is simulation-only and has not been tested with human drivers or on a vehicle. It is the only decision-making study in the corpus set on a vehicle task with several interacting agents.",Added by the targeted search of 4 October 2026; written from the abstract.
Nebli2026,Nebli et al. (2026),application,Abstract,"Nebli et al. (2026) proposed a complex-valued sequence model in which hidden states evolve under unitary (Hamiltonian) dynamics and outputs are read by the Born rule, so that phase information between token paths is preserved and can interfere. Cayley discretisation and a low-rank interaction Hamiltonian keep the cost practical and decompose probability currents into interpretable coupling channels, and a separation theorem shows that Born-rule decoding is more expressive than standard decoding on a constructed family of tasks. The authors motivate interference by analogy with quantum cognition. The work is theoretical: no experiments on language data are reported, and whether interference matters for natural language is left as the central open question.","[CITE:Nebli2026] proposed a complex-valued sequence model in which hidden states evolve under unitary (Hamiltonian) dynamics and outputs are read by the Born rule, so that phase information between token paths is preserved and can interfere. Cayley discretisation and a low-rank interaction Hamiltonian keep the cost practical and decompose probability currents into interpretable coupling channels, and a separation theorem shows that Born-rule decoding is more expressive than standard decoding on a constructed family of tasks. The authors motivate interference by analogy with quantum cognition. The work is theoretical: no experiments on language data are reported, and whether interference matters for natural language is left as the central open question.",Added by the targeted search of 4 October 2026; written from the abstract.
